"","Package","LibPath","Version","Priority","Depends","Imports","LinkingTo","Suggests","Enhances","License","License_is_FOSS","License_restricts_use","OS_type","MD5sum","NeedsCompilation","Built"
"abind","abind","C:/Program Files/R/R-3.1.0/library","1.4-0",NA,"R (>= 1.5.0)",NA,NA,NA,NA,"LGPL (>= 2)",NA,NA,NA,NA,NA,"3.0.1"
"ada","ada","C:/Program Files/R/R-3.1.0/library","2.0-3",NA,"R(>= 2.10),rpart",NA,NA,NA,NA,"GPL",NA,NA,NA,NA,NA,"3.1.1"
"adabag","adabag","C:/Program Files/R/R-3.1.0/library","3.2",NA,"rpart, mlbench, caret",NA,NA,NA,NA,"GPL (>= 2)",NA,NA,NA,NA,"no","3.0.1"
"ade4","ade4","C:/Program Files/R/R-3.1.0/library","1.6-2",NA,"R (>= 2.10)",NA,NA,"waveslim, splancs, MASS, maptools, spdep, pixmap, ape,
deldir, ade4TkGUI",NA,"GPL (>= 2)",NA,NA,NA,NA,"yes","3.0.2"
"AER","AER","C:/Program Files/R/R-3.1.0/library","1.2-2",NA,"R (>= 2.13.0), car (>= 2.0-1), lmtest, sandwich, survival, zoo","stats, Formula (>= 0.2-0)",NA,"boot, dynlm, effects, foreign, ineq, KernSmooth, lattice,
MASS, mlogit, nlme, nnet, np, plm, pscl, quantreg, ROCR,
sampleSelection, scatterplot3d, strucchange, systemfit, rgl,
truncreg, tseries, urca",NA,"GPL-2",NA,NA,NA,NA,"no","3.1.1"
"affxparser","affxparser","C:/Program Files/R/R-3.1.0/library","1.36.0",NA,"R (>= 2.6.0)",NA,NA,"R.utils (>= 1.29.8), AffymetrixDataTestFiles",NA,"LGPL (>= 2)",NA,NA,NA,NA,NA,"3.1.0"
"affy","affy","C:/Program Files/R/R-3.1.0/library","1.42.3",NA,"R (>= 2.8.0), BiocGenerics (>= 0.1.12), Biobase (>= 2.5.5)","affyio (>= 1.13.3), BiocInstaller, graphics, grDevices,
methods, preprocessCore, stats, utils, zlibbioc","preprocessCore","tkWidgets (>= 1.19.0), affydata, widgetTools",NA,"LGPL (>= 2.0)",NA,NA,NA,NA,NA,"3.1.0"
"affydata","affydata","C:/Program Files/R/R-3.1.0/library","1.12.0",NA,"R (>= 2.4.0), affy (>= 1.23.4)","methods",NA,"hgu95av2cdf, hgu133acdf",NA,"GPL (>= 2)",NA,NA,NA,NA,NA,"3.1.0"
"affyio","affyio","C:/Program Files/R/R-3.1.0/library","1.32.0",NA,"R (>= 2.6.0)","zlibbioc",NA,NA,NA,"LGPL (>= 2)",NA,NA,NA,NA,NA,"3.1.0"
"affyPLM","affyPLM","C:/Program Files/R/R-3.1.0/library","1.40.1",NA,"R (>= 2.6.0), BiocGenerics (>= 0.3.2), affy (>= 1.11.0),
Biobase (>= 2.17.8), gcrma, stats, preprocessCore (>= 1.5.1)","BiocGenerics, zlibbioc, graphics, grDevices, methods","preprocessCore","affydata, MASS",NA,"GPL (>= 2)",NA,NA,NA,NA,NA,"3.1.0"
"Agi4x44PreProcess","Agi4x44PreProcess","C:/Program Files/R/R-3.1.0/library","1.20.0",NA,"R (>= 2.10), Biobase, limma, annotate, genefilter",NA,NA,"vsn, affycoretools, hgug4112a.db, GO.db, marray, gplots,
gtools, gdata",NA,"GPL-3",NA,NA,NA,NA,NA,"3.0.0"
"ALL","ALL","C:/Program Files/R/R-3.1.0/library","1.6.0",NA,"R (>= 2.10), Biobase (>= 2.5.5)",NA,NA,"rpart",NA,"Artistic-2.0",NA,NA,NA,NA,NA,"3.1.0"
"ALLMLL","ALLMLL","C:/Program Files/R/R-3.1.0/library","1.4.0",NA,"R (>= 2.10), affy (>= 1.23.4)",NA,NA,NA,NA,"GPL-2",NA,NA,NA,NA,NA,"3.1.0"
"alr3","alr3","C:/Program Files/R/R-3.1.0/library","2.0.5",NA,"R (>= 2.1.1), car",NA,NA,NA,NA,"GPL (>= 2)",NA,NA,NA,NA,NA,"3.0.1"
"annotate","annotate","C:/Program Files/R/R-3.1.0/library","1.42.0",NA,"R (>= 2.10), AnnotationDbi (>= 0.1.15)","Biobase, AnnotationDbi, DBI, xtable, graphics, utils, stats,
methods, XML (>= 0.92-2), BiocGenerics (>= 0.1.13)",NA,"Biobase, hgu95av2.db, genefilter, Biostrings (>= 2.25.10),
rae230a.db, rae230aprobe, tkWidgets, GO.db, org.Hs.eg.db, XML
(>= 0.92-2), org.Mm.eg.db, hom.Hs.inp.db, humanCHRLOC,
Rgraphviz, RUnit,",NA,"Artistic-2.0",NA,NA,NA,NA,NA,"3.1.0"
"AnnotationDbi","AnnotationDbi","C:/Program Files/R/R-3.1.0/library","1.26.0",NA,"R (>= 2.7.0), methods, utils, BiocGenerics (>= 0.5.4), Biobase
(>= 1.17.0), GenomeInfoDb(>= 0.99.17)","methods, utils, DBI, RSQLite, BiocGenerics, Biobase, IRanges",NA,"DBI (>= 0.2-4), RSQLite (>= 0.6-4), hgu95av2.db, GO.db,
org.Sc.sgd.db, org.At.tair.db, KEGG.db, RUnit,
TxDb.Hsapiens.UCSC.hg19.knownGene, hom.Hs.inp.db, org.Hs.eg.db,
seqnames.db, reactome.db, AnnotationForge, graph,
org.TguttataTestingSubset.eg.db, BiocStyle, knitr",NA,"Artistic-2.0",NA,NA,NA,NA,NA,"3.1.0"
"AnnotationForge","AnnotationForge","C:/Program Files/R/R-3.1.0/library","1.6.1",NA,"R (>= 2.7.0), methods, utils, BiocGenerics (>= 0.1.13),
Biobase (>= 1.17.0), AnnotationDbi (>= 1.19.15), org.Hs.eg.db","methods, utils, DBI, RSQLite, BiocGenerics, Biobase",NA,"DBI (>= 0.2-4), RSQLite (>= 0.6-4), XML, RCurl, hgu95av2.db,
human.db0, affy, Homo.sapiens, hom.Hs.inp.db, GO.db, BiocStyle,
knitr",NA,"Artistic-2.0",NA,NA,NA,NA,NA,"3.1.0"
"anRpackage","anRpackage","C:/Program Files/R/R-3.1.0/library","1.0",NA,NA,NA,NA,NA,NA,"What license is it under?",NA,NA,NA,NA,NA,"3.0.1"
"apcluster","apcluster","C:/Program Files/R/R-3.1.0/library","1.3.5",NA,"R (>= 3.0.0)","Rcpp (>= 0.11.1), methods, stats, graphics","Rcpp","kernlab",NA,"GPL (>= 2)",NA,NA,NA,NA,"yes","3.1.0"
"ape","ape","C:/Program Files/R/R-3.1.0/library","3.1-4",NA,"R (>= 3.0.0)","nlme, lattice, graphics, stats, tools, utils",NA,"gee, expm",NA,"GPL (>= 2)",NA,NA,NA,NA,"yes","3.1.1"
"aplpack","aplpack","C:/Program Files/R/R-3.1.0/library","1.2.9",NA,"R (>= 2.8.0), tcltk",NA,NA,"tkrplot",NA,"GPL (>= 2)",NA,NA,NA,NA,"no","3.0.2"
"arm","arm","C:/Program Files/R/R-3.1.0/library","1.7-03",NA,"R (>= 3.0.0), MASS, Matrix (>= 1.0), stats, lme4 (>= 1.0)","abind, methods, coda, nlme",NA,"R2WinBUGS, foreign",NA,"GPL (>= 2)",NA,NA,NA,NA,"no","3.1.0"
"aroma.apd","aroma.apd","C:/Program Files/R/R-3.1.0/library","0.5.0",NA,"R (>= 2.15.0)","R.methodsS3 (>= 1.6.1), R.oo (>= 1.18.0), R.utils (>= 1.29.8),
R.huge (>= 0.8.0)",NA,"affxparser",NA,"LGPL (>= 2.1)",NA,NA,NA,NA,"no","3.0.2"
"aroma.core","aroma.core","C:/Program Files/R/R-3.1.0/library","2.12.1",NA,"R (>= 2.15.1), R.utils (>= 1.29.8), R.filesets (>= 2.4.0),
R.devices (>= 2.8.2)","utils, R.methodsS3 (>= 1.6.1), R.oo (>= 1.18.0), R.cache (>=
0.9.0), R.rsp (>= 0.15.0), matrixStats (>= 0.8.14),
RColorBrewer (>= 1.0-5), PSCBS (>= 0.40.4)",NA,"png (>= 0.1-7), Cairo (>= 1.5-5), EBImage (>= 4.0.0),
preprocessCore (>= 1.20.0), aroma.light (>= 1.28.0), DNAcopy
(>= 1.32.0), GLAD (>= 1.12.0), sfit (>= 0.1.8), expectile (>=
0.2.5), HaarSeg (>= 0.0.2), mpcbs (>= 1.1.1)",NA,"LGPL (>= 2.1)",NA,NA,NA,NA,"no","3.0.3"
"arrayQualityMetrics","arrayQualityMetrics","C:/Program Files/R/R-3.1.0/library","3.20.0",NA,"","affy, affyPLM (>= 1.27.3), beadarray, Biobase, Cairo (>=
1.4-6), genefilter, graphics, grDevices, grid, gridSVG, Hmisc,
hwriter, lattice, latticeExtra, limma, methods, RColorBrewer,
setRNG, stats, SVGAnnotation (>= 0.9-0), utils, vsn (>=
3.23.3), XML",NA,"ALLMLL, CCl4, BiocStyle, knitr",NA,"LGPL (>= 2)",NA,NA,NA,NA,NA,"3.1.0"
"ARRmData","ARRmData","C:/Program Files/R/R-3.1.0/library","1.0.0",NA,"R (>= 3.0.0)",NA,NA,NA,NA,"Artistic-2.0",NA,NA,NA,NA,NA,"3.1.0"
"ash","ash","C:/Program Files/R/R-3.1.0/library","1.0-14",NA,NA,NA,NA,NA,NA,"GPL (>= 2)",NA,NA,NA,NA,NA,"3.0.0"
"assertive","assertive","C:/Program Files/R/R-3.1.0/library","0.1-8",NA,"R (>= 2.15.0)",NA,NA,NA,NA,"Unlimited",NA,NA,NA,NA,"no","3.0.2"
"assertthat","assertthat","C:/Program Files/R/R-3.1.0/library","0.1",NA,NA,NA,NA,"testthat",NA,"GPL-3",NA,NA,NA,NA,"no","3.1.0"
"AUC","AUC","C:/Program Files/R/R-3.1.0/library","0.3.0",NA,NA,NA,NA,NA,NA,"GPL (>= 2)",NA,NA,NA,NA,"no","3.0.2"
"base","base","C:/Program Files/R/R-3.1.0/library","3.1.0","base",NA,NA,NA,NA,NA,"Part of R 3.1.0",NA,NA,NA,NA,NA,"3.1.0"
"base64","base64","C:/Program Files/R/R-3.1.0/library","1.1",NA,NA,NA,NA,NA,NA,"GPL (>= 2)",NA,NA,NA,NA,NA,"3.1.0"
"base64enc","base64enc","C:/Program Files/R/R-3.1.0/library","0.1-2",NA,"R (>= 2.9.0)",NA,NA,NA,"png","GPL-2 | GPL-3",NA,NA,NA,NA,"yes","3.1.0"
"BatchJobs","BatchJobs","C:/Program Files/R/R-3.1.0/library","1.3",NA,"R (>= 2.15.0), BBmisc (>= 1.7), methods","checkmate (>= 1.1), utils, stats, digest, DBI, RSQLite,
sendmailR, brew, stringr, fail (>= 1.2)",NA,"testthat, MASS",NA,"BSD_3_clause + file LICENSE",NA,NA,NA,NA,"no","3.1.1"
"BayesTree","BayesTree","C:/Program Files/R/R-3.1.0/library","0.3-1.1",NA,"nnet",NA,NA,NA,NA,"GPL (>= 2)",NA,NA,NA,NA,NA,"3.0.1"
"BBmisc","BBmisc","C:/Program Files/R/R-3.1.0/library","1.7",NA,NA,"stats, checkmate",NA,"testthat, microbenchmark",NA,"BSD_3_clause + file LICENSE",NA,NA,NA,NA,"yes","3.1.1"
"bcellViper","bcellViper","C:/Program Files/R/R-3.1.0/library","1.0.0",NA,"R(>= 2.14.0), Biobase, methods",NA,NA,NA,NA,"GPL (>=2)",NA,NA,NA,NA,NA,"3.1.0"
"beadarray","beadarray","C:/Program Files/R/R-3.1.0/library","2.14.1",NA,"R (>= 2.13.0), BiocGenerics (>= 0.3.2), Biobase (>= 2.17.8),
methods, ggplot2","BeadDataPackR, limma, AnnotationDbi, stats4, reshape2,
GenomicRanges, IRanges, illuminaio",NA,"lumi, vsn, affy, hwriter, beadarrayExampleData,
illuminaHumanv3.db, gridExtra, BiocStyle,
TxDb.Hsapiens.UCSC.hg19.knownGene, ggbio, Nozzle.R1, knitr",NA,"GPL-2",NA,NA,NA,NA,NA,"3.1.0"
"BeadDataPackR","BeadDataPackR","C:/Program Files/R/R-3.1.0/library","1.16.0",NA,NA,NA,NA,NA,NA,"GPL-2",NA,NA,NA,NA,NA,"3.1.0"
"beanplot","beanplot","C:/Program Files/R/R-3.1.0/library","1.1",NA,NA,NA,NA,"vioplot, lattice",NA,"GPL-2",NA,NA,NA,NA,NA,"3.0.1"
"betareg","betareg","C:/Program Files/R/R-3.1.0/library","3.0-4",NA,"R (>= 2.10.0), Formula","graphics, methods, stats, flexmix, lmtest, modeltools,
sandwich",NA,"car, lattice, party, strucchange",NA,"GPL-2",NA,NA,NA,NA,"no","3.0.2"
"BH","BH","C:/Program Files/R/R-3.1.0/library","1.54.0-2",NA,NA,NA,NA,NA,NA,"BSL-1.0",NA,NA,NA,NA,"no","3.1.0"
"bigrquery","bigrquery","C:/Program Files/R/R-3.1.0/library","0.1",NA,"
R (>= 3.0.0)","
httr,
jsonlite,
assertthat",NA,"
testthat",NA,"GPL-3",NA,NA,NA,NA,NA,"3.1.0"
"Biobase","Biobase","C:/Program Files/R/R-3.1.0/library","2.24.0",NA,"R (>= 2.10), BiocGenerics (>= 0.3.2), utils","methods",NA,"tools, tkWidgets, ALL, RUnit, golubEsets",NA,"Artistic-2.0",NA,NA,NA,NA,NA,"3.1.0"
"BiocGenerics","BiocGenerics","C:/Program Files/R/R-3.1.0/library","0.10.0",NA,"methods, utils, graphics, stats, parallel","methods, utils, graphics, stats, parallel",NA,"Biobase, IRanges, GenomicRanges, AnnotationDbi, oligoClasses,
oligo, affyPLM, flowClust, affy, RUnit, DESeq2",NA,"Artistic-2.0",NA,NA,NA,NA,NA,"3.1.0"
"BiocInstaller","BiocInstaller","C:/Program Files/R/R-3.1.0/library","1.14.2",NA,"R (>= 3.1.0)",NA,NA,"RUnit, BiocGenerics",NA,"Artistic-2.0",NA,NA,NA,NA,NA,"3.1.0"
"BiocParallel","BiocParallel","C:/Program Files/R/R-3.1.0/library","0.6.1",NA,NA,"methods, parallel, foreach, tools, BatchJobs, BBmisc,
BiocGenerics",NA,"doParallel, snow, Rmpi, RUnit, BiocStyle, knitr",NA,"GPL-2 | GPL-3",NA,NA,NA,NA,NA,"3.1.0"
"bioDist","bioDist","C:/Program Files/R/R-3.1.0/library","1.36.0",NA,"R (>= 2.0), methods, Biobase,KernSmooth",NA,NA,"locfit",NA,"Artistic-2.0",NA,NA,NA,NA,NA,"3.1.0"
"biomaRt","biomaRt","C:/Program Files/R/R-3.1.0/library","2.20.0",NA,"methods","utils, XML, RCurl, AnnotationDbi",NA,"annotate",NA,"Artistic-2.0",NA,NA,NA,NA,NA,"3.1.0"
"Biostrings","Biostrings","C:/Program Files/R/R-3.1.0/library","2.32.1",NA,"R (>= 2.8.0), methods, BiocGenerics (>= 0.5.4), IRanges (>=
1.21.35), XVector (>= 0.3.6)","graphics, methods, stats, utils, BiocGenerics, IRanges,
XVector, zlibbioc","IRanges, XVector","BSgenome (>= 1.13.14), BSgenome.Celegans.UCSC.ce2 (>=
1.3.11), BSgenome.Dmelanogaster.UCSC.dm3 (>= 1.3.11),
BSgenome.Hsapiens.UCSC.hg18, drosophila2probe, hgu95av2probe,
hgu133aprobe, GenomicFeatures (>= 1.3.14), hgu95av2cdf, affy
(>= 1.41.3), affydata (>= 1.11.5), RUnit","Rmpi","Artistic-2.0",NA,NA,NA,NA,NA,"3.1.0"
"bit","bit","C:/Program Files/R/R-3.1.0/library","1.1-12",NA,"R (>= 2.9.2)",NA,NA,NA,NA,"GPL-2",NA,NA,NA,NA,"yes","3.0.3"
"bitops","bitops","C:/Program Files/R/R-3.1.0/library","1.0-6",NA,NA,NA,NA,NA,NA,"GPL (>= 2)",NA,NA,NA,NA,"yes","3.0.1"
"bladderbatch","bladderbatch","C:/Program Files/R/R-3.1.0/library","1.2.0",NA,"Biobase",NA,NA,NA,NA,"Artistic-2.0",NA,NA,NA,NA,NA,"3.1.0"
"bnlearn","bnlearn","C:/Program Files/R/R-3.1.0/library","3.6",NA,"R (>= 2.14.0)","methods",NA,"parallel, graph, Rgraphviz, lattice, gRain",NA,"GPL (>= 2)",NA,NA,NA,NA,"yes","3.1.1"
"boa","boa","C:/Program Files/R/R-3.1.0/library","1.1.7-2",NA,"R (>= 1.7)",NA,NA,NA,NA,"GPL-2",NA,NA,NA,NA,NA,"3.0.0"
"boot","boot","C:/Program Files/R/R-3.1.0/library","1.3-11","recommended","R (>= 3.0.0), graphics, stats",NA,NA,"MASS, survival",NA,"Unlimited",NA,NA,NA,NA,"no","3.1.0"
"bootstrap","bootstrap","C:/Program Files/R/R-3.1.0/library","2014.4",NA,"stats, R (>= 2.10.0)",NA,NA,NA,NA,"BSD_3_clause + file LICENSE",NA,NA,NA,NA,"yes","3.1.0"
"BradleyTerry2","BradleyTerry2","C:/Program Files/R/R-3.1.0/library","1.0-5",NA,"R (>= 2.10), lme4 (>= 1.0)","brglm, gtools, stats",NA,"prefmod","gnm","GPL (>= 2)",NA,NA,NA,NA,"no","3.1.1"
"breastCancerNKI","breastCancerNKI","C:/Program Files/R/R-3.1.0/library","1.2.0",NA,"R (>= 2.5.0)",NA,NA,"survcomp, genefu, Biobase",NA,"Artistic-2.0",NA,NA,NA,NA,NA,"3.1.0"
"brew","brew","C:/Program Files/R/R-3.1.0/library","1.0-6",NA,NA,NA,NA,NA,NA,"GPL-2",NA,NA,NA,NA,NA,"3.1.0"
"brglm","brglm","C:/Program Files/R/R-3.1.0/library","0.5-9",NA,"R (>= 2.6.0), profileModel",NA,NA,"MASS",NA,"GPL (>= 2)",NA,NA,NA,NA,"yes","3.1.0"
"BSgenome","BSgenome","C:/Program Files/R/R-3.1.0/library","1.32.0",NA,"R (>= 2.8.0), methods, BiocGenerics (>= 0.1.2), IRanges (>=
1.13.6), GenomicRanges (>= 1.15.9), Biostrings (>= 2.23.3)","methods, BiocGenerics, IRanges, GenomicRanges, XVector,
Biostrings, Rsamtools",NA,"BiocInstaller, BSgenome.Celegans.UCSC.ce2 (>= 1.3.11),
BSgenome.Hsapiens.UCSC.hg19 (>= 1.3.11),
BSgenome.Hsapiens.UCSC.hg19.masked,
SNPlocs.Hsapiens.dbSNP.20100427, hgu95av2probe, Biobase,
GenomeInfoDb, RUnit",NA,"Artistic-2.0",NA,NA,NA,NA,NA,"3.1.0"
"BSgenome.Mmusculus.UCSC.mm9","BSgenome.Mmusculus.UCSC.mm9","C:/Program Files/R/R-3.1.0/library","1.3.99",NA,"BSgenome (>= 1.31.9)","BSgenome",NA,NA,NA,"Artistic-2.0",NA,NA,NA,NA,NA,"3.1.0"
"C50","C50","C:/Program Files/R/R-3.1.0/library","0.1.0-19",NA,"R (>= 2.10.0)",NA,NA,NA,NA,"GPL-3",NA,NA,NA,NA,"yes","3.1.1"
"cafr","cafr","C:/Program Files/R/R-3.1.0/library","0.312",NA,"R (>= 2.13), methods",NA,NA,NA,NA,"GPL (>= 2)",NA,NA,NA,NA,NA,"3.0.1"
"Cairo","Cairo","C:/Program Files/R/R-3.1.0/library","1.5-6",NA,"R (>= 2.4.0)",NA,NA,"png","FastRWeb","GPL-2",NA,NA,NA,NA,"yes","3.1.0"
"car","car","C:/Program Files/R/R-3.1.0/library","2.0-20",NA,"R (>= 2.14.0), stats, graphics","MASS, nnet",NA,"alr4, boot, leaps, lme4, lmtest, nlme, quantreg, sandwich,
mgcv, pbkrtest (>= 0.3-2), rgl (>= 0.93.960), survival, survey",NA,"GPL (>= 2)",NA,NA,NA,NA,"no","3.1.0"
"care","care","C:/Program Files/R/R-3.1.0/library","1.1.4",NA,"R (>= 2.15.1), corpcor (>= 1.6.6)",NA,NA,"crossval",NA,"GPL (>= 3)",NA,NA,NA,NA,"no","3.1.0"
"caret","caret","C:/Program Files/R/R-3.1.0/library","6.0-30",NA,"R (>= 2.10), stats, lattice (>= 0.20), ggplot2","car, reshape2, foreach, methods, plyr, nlme, BradleyTerry2",NA,"e1071, earth (>= 2.2-3), ellipse, fastICA, gam, ipred,
kernlab, klaR, MASS, mda, mgcv, mlbench, nnet, party (>=
0.9-99992), pls, pROC, proxy, randomForest, RANN, spls, affy",NA,"GPL-2",NA,NA,NA,NA,"yes","3.1.0"
"caretEnsemble","caretEnsemble","C:/Program Files/R/R-3.1.0/library","1.0",NA,"
R (>= 2.14.0),
caret,
caTools","
boot,
methods,
pbapply,
digest",NA,"
testthat,
randomForest",NA,"MIT",NA,NA,NA,NA,NA,"3.1.0"
"Category","Category","C:/Program Files/R/R-3.1.0/library","2.30.0",NA,"BiocGenerics, AnnotationDbi, Biobase, Matrix, GO.db, methods","BiocGenerics, graph, methods, Biobase, AnnotationDbi, RBGL,
GSEABase (>= 1.19.3), genefilter, annotate (>= 1.15.6), stats,
utils",NA,"EBarrays, ALL, Rgraphviz, RColorBrewer, xtable (>= 1.4-6),
hgu95av2.db, KEGG.db, SNPchip, geneplotter, limma, lattice,
graph, Biobase, genefilter, methods, RUnit, org.Sc.sgd.db,
GOstats",NA,"Artistic-2.0",NA,NA,NA,NA,NA,"3.1.0"
"caTools","caTools","C:/Program Files/R/R-3.1.0/library","1.17",NA,"R (>= 2.2.0)","bitops",NA,"MASS, rpart",NA,"GPL-3",NA,NA,NA,NA,"yes","3.1.0"
"CellNOptR","CellNOptR","C:/Program Files/R/R-3.1.0/library","1.10.0",NA,"R (>= 2.15.0), RBGL, graph, methods, hash, ggplot2, RCurl,
Rgraphviz, XML",NA,NA,"RUnit, BiocGenerics, igraph",NA,"GPL-3",NA,NA,NA,NA,NA,"3.1.0"
"checkmate","checkmate","C:/Program Files/R/R-3.1.0/library","1.1",NA,"R (>= 2.15.0)",NA,NA,"testthat",NA,"BSD_3_clause + file LICENSE",NA,NA,NA,NA,"yes","3.1.0"
"chron","chron","C:/Program Files/R/R-3.1.0/library","2.3-45",NA,"R (>= 2.12.0)","graphics, stats",NA,"scales, ggplot2","zoo","GPL-2",NA,NA,NA,NA,"yes","3.0.3"
"class","class","C:/Program Files/R/R-3.1.0/library","7.3-10","recommended","R (>= 3.0.0), stats, utils","MASS",NA,NA,NA,"GPL-2 | GPL-3",NA,NA,NA,NA,"yes","3.1.0"
"cluster","cluster","C:/Program Files/R/R-3.1.0/library","1.15.2","recommended","R (>= 2.12.0), stats, utils","graphics, grDevices",NA,"MASS",NA,"GPL (>= 2)",NA,NA,NA,NA,"yes","3.1.0"
"clusterRepro","clusterRepro","C:/Program Files/R/R-3.1.0/library","0.5-1.1",NA,"R (>= 2.2.0)",NA,NA,NA,NA,"GPL-2",NA,NA,NA,NA,NA,"3.0.0"
"clv","clv","C:/Program Files/R/R-3.1.0/library","0.3-2.1",NA,"cluster, class",NA,NA,NA,NA,"GPL (>= 2)",NA,NA,NA,NA,"yes","3.0.2"
"coda","coda","C:/Program Files/R/R-3.1.0/library","0.16-1",NA,"R (>= 2.14.0), lattice",NA,NA,NA,NA,"GPL (>= 2)",NA,NA,NA,NA,NA,"3.0.1"
"codetools","codetools","C:/Program Files/R/R-3.1.0/library","0.2-8","recommended","R (>= 2.1)",NA,NA,NA,NA,"GPL",NA,NA,NA,NA,NA,"3.1.0"
"coin","coin","C:/Program Files/R/R-3.1.0/library","1.0-23",NA,"R (>= 2.2.0), methods, survival","modeltools (>= 0.2-9), mvtnorm (>= 0.8-0)",NA,"multcomp, xtable, e1071, vcd, TH.data","Biobase","GPL-2",NA,NA,NA,NA,"yes","3.0.2"
"colorRamps","colorRamps","C:/Program Files/R/R-3.1.0/library","2.3",NA,NA,NA,NA,NA,NA,"GPL",NA,NA,NA,NA,NA,"3.0.0"
"colorspace","colorspace","C:/Program Files/R/R-3.1.0/library","1.2-4",NA,"R (>= 2.13.0), methods",NA,NA,"KernSmooth, MASS, kernlab, mvtnorm, vcd, tcltk, dichromat",NA,"BSD_3_clause + file LICENSE",NA,NA,NA,NA,"yes","3.1.0"
"combinat","combinat","C:/Program Files/R/R-3.1.0/library","0.0-8",NA,NA,NA,NA,NA,NA,"GPL-2",NA,NA,NA,NA,NA,"3.0.0"
"compiler","compiler","C:/Program Files/R/R-3.1.0/library","3.1.0","base",NA,NA,NA,NA,NA,"Part of R 3.1.0",NA,NA,NA,NA,NA,"3.1.0"
"ConsensusClusterPlus","ConsensusClusterPlus","C:/Program Files/R/R-3.1.0/library","1.18.0",NA,NA,"Biobase, ALL, graphics, stats, utils, cluster",NA,NA,NA,"GPL version 2",NA,NA,NA,NA,NA,"3.1.0"
"corpcor","corpcor","C:/Program Files/R/R-3.1.0/library","1.6.6",NA,"R (>= 2.15.0)",NA,NA,"",NA,"GPL (>= 3)",NA,NA,NA,NA,"no","3.0.0"
"cqn","cqn","C:/Program Files/R/R-3.1.0/library","1.10.0",NA,"R (>= 2.10.0), mclust, nor1mix, stats, preprocessCore,
splines, quantreg","splines",NA,"scales, edgeR",NA,"Artistic-2.0",NA,NA,NA,NA,NA,"3.1.0"
"Cubist","Cubist","C:/Program Files/R/R-3.1.0/library","0.0.18",NA,"lattice","reshape2",NA,"mlbench, caret",NA,"GPL-3",NA,NA,NA,NA,"yes","3.1.1"
"d3Network","d3Network","C:/Program Files/R/R-3.1.0/library","0.5.1",NA,"
R (>= 3.0.0)","
plyr,
rjson,
whisker",NA,"
RCurl",NA,"GPL (>= 3)",NA,NA,NA,NA,NA,"3.1.0"
"darch","darch","C:/Program Files/R/R-3.1.0/library","0.9.1",NA,NA,"futile.logger, ff, methods",NA,NA,NA,"GPL-2",NA,NA,NA,NA,"no","3.0.3"
"data.table","data.table","C:/Program Files/R/R-3.1.0/library","1.9.2",NA,"R (>= 2.14.0)","methods, reshape2",NA,"chron, ggplot2 (>= 0.9.0), plyr, reshape, testthat (>= 0.4),
hexbin, fastmatch, nlme, xts, bit64",NA,"GPL (>= 2)",NA,NA,NA,NA,"yes","3.0.3"
"datasets","datasets","C:/Program Files/R/R-3.1.0/library","3.1.0","base",NA,NA,NA,NA,NA,"Part of R 3.1.0",NA,NA,NA,NA,NA,"3.1.0"
"DBI","DBI","C:/Program Files/R/R-3.1.0/library","0.2-7",NA,"R (>= 2.15.0), methods","methods",NA,NA,NA,"LGPL (>= 2)",NA,NA,NA,NA,"no","3.0.0"
"deepnet","deepnet","C:/Program Files/R/R-3.1.0/library","0.2",NA,NA,NA,NA,NA,NA,"GPL",NA,NA,NA,NA,"no","3.1.1"
"DEoptimR","DEoptimR","C:/Program Files/R/R-3.1.0/library","1.0-1",NA,NA,NA,NA,NA,"robustbase","GPL (>= 2)",NA,NA,NA,NA,"no","3.0.2"
"DESeq","DESeq","C:/Program Files/R/R-3.1.0/library","1.16.0",NA,"BiocGenerics (>= 0.7.5), Biobase (>= 2.21.7), locfit, lattice","genefilter, geneplotter, methods, MASS, RColorBrewer",NA,"pasilla (>= 0.2.10), vsn, gplots",NA,"GPL (>= 3)",NA,NA,NA,NA,NA,"3.1.0"
"DESeq2","DESeq2","C:/Program Files/R/R-3.1.0/library","1.4.5",NA,"GenomicRanges, IRanges, Rcpp (>= 0.10.1), RcppArmadillo (>=
0.3.4.4)","BiocGenerics (>= 0.7.5), methods, locfit, genefilter,
geneplotter, RColorBrewer, lattice","Rcpp, RcppArmadillo","RUnit, gplots, knitr, Biobase, BiocStyle, parathyroidSE,
pasilla (>= 0.2.10), DESeq, vsn, GenomicAlignments,
GenomicFeatures, Rsamtools, biomaRt",NA,"GPL (>= 3)",NA,NA,NA,NA,NA,"3.1.0"
"devtools","devtools","C:/Program Files/R/R-3.1.0/library","1.5",NA,"R (>= 3.0.2)","httr (>= 0.2), RCurl, utils, tools, methods, memoise, whisker,
evaluate, digest",NA,"testthat (>= 0.7), roxygen2 (>= 3.0.0), BiocInstaller, Rcpp
(>= 0.10.0), MASS, knitr, rstudioapi",NA,"GPL (>= 2)",NA,NA,NA,NA,"yes","3.1.0"
"DEXSeq","DEXSeq","C:/Program Files/R/R-3.1.0/library","1.10.8",NA,"Biobase, GenomicRanges, IRanges, DESeq2 (>= 1.3.69),
BiocParallel","BiocGenerics, biomaRt, hwriter, methods, stringr, Rsamtools,
statmod, geneplotter, genefilter, RColorBrewer",NA,"GenomicFeatures (>= 1.13.29), pasilla (>= 0.2.22),
parathyroidSE, BiocStyle, knitr","parallel","GPL (>= 3)",NA,NA,NA,NA,NA,"3.1.0"
"dichromat","dichromat","C:/Program Files/R/R-3.1.0/library","2.0-0",NA,"R (>= 2.10), stats",NA,NA,NA,NA,"GPL-2",NA,NA,NA,NA,NA,"3.1.0"
"digest","digest","C:/Program Files/R/R-3.1.0/library","0.6.4",NA,"R (>= 2.4.1)",NA,NA,NA,NA,"GPL-2",NA,NA,NA,NA,"yes","3.1.0"
"directlabels","directlabels","C:/Program Files/R/R-3.1.0/library","2013.6.15",NA,"grid, quadprog",NA,NA,"MASS, inlinedocs, ggplot2 (>= 0.9.1), lattice, alphahull,
reshape2, nlme, ElemStatLearn, proto, lars, latticeExtra",NA,"GPL-3",NA,NA,NA,NA,"no","3.1.2"
"DNAcopy","DNAcopy","C:/Program Files/R/R-3.1.0/library","1.38.1",NA,NA,NA,NA,NA,NA,"GPL (>= 2)",NA,NA,NA,NA,NA,"3.1.0"
"doParallel","doParallel","C:/Program Files/R/R-3.1.0/library","1.0.8",NA,"R (>= 2.14.0), foreach(>= 1.2.0), iterators(>= 1.0.0),
parallel, utils",NA,NA,"caret, mlbench, rpart","compiler, RUnit","GPL-2",NA,NA,NA,NA,"no","3.0.3"
"doRNG","doRNG","C:/Program Files/R/R-3.1.0/library","1.6",NA,"R (>= 3.0.0), foreach, rngtools (>= 1.2.4)","stats, iterators, pkgmaker (>= 0.20)",NA,"doParallel, doMPI, doRedis, rbenchmark, RUnit, devtools,
knitr, bibtex",NA,"GPL (>= 2)",NA,NA,NA,NA,"no","3.0.3"
"doSNOW","doSNOW","C:/Program Files/R/R-3.1.0/library","1.0.12",NA,"R (>= 2.5.0), foreach(>= 1.2.0), iterators(>= 1.0.0), snow(>=
0.3.0), utils",NA,NA,"compiler, RUnit, caret, mlbench, rpart",NA,"GPL-2",NA,NA,NA,NA,"no","3.0.3"
"dplyr","dplyr","C:/Program Files/R/R-3.1.0/library","0.2",NA,"R (>= 3.0.2)","assertthat, utils, methods, Rcpp, magrittr, Lahman, hflights","Rcpp (>= 0.11.1), BH (>= 1.51.0-2)","RSQLite, RSQLite.extfuns, RMySQL, MonetDB.R, RPostgreSQL,
data.table, bigrquery, testthat, knitr, microbenchmark,
ggplot2, mgcv",NA,"MIT + file LICENSE",NA,NA,NA,NA,"yes","3.1.0"
"DreamBox7","DreamBox7","C:/Program Files/R/R-3.1.0/library","0.215",NA,"R (>= 2.13), caret, survival, gbm",NA,NA,NA,NA,"GPL (>= 2)",NA,NA,NA,NA,NA,"3.0.1"
"dynamicTreeCut","dynamicTreeCut","C:/Program Files/R/R-3.1.0/library","1.62",NA,"R (>= 2.3.0), stats",NA,NA,NA,NA,"GPL (>= 2)",NA,NA,NA,NA,"no","3.1.0"
"e1071","e1071","C:/Program Files/R/R-3.1.0/library","1.6-3",NA,NA,"graphics, grDevices, class",NA,"cluster, mlbench, nnet, randomForest, rpart, SparseM, xtable,
Matrix, MASS",NA,"GPL-2",NA,NA,NA,NA,"yes","3.0.3"
"earth","earth","C:/Program Files/R/R-3.1.0/library","3.2-7",NA,"plotmo, plotrix",NA,NA,"mda",NA,"GPL-3",NA,NA,NA,NA,"yes","3.0.3"
"Ecdat","Ecdat","C:/Program Files/R/R-3.1.0/library","0.2-6",NA,"R (>= 2.10), Ecfun",NA,NA,"car, systemfit, sem, lmtest, sandwich, gdata, RCurl, XML, tis",NA,"GPL (>= 2)",NA,NA,NA,NA,"no","3.1.1"
"Ecfun","Ecfun","C:/Program Files/R/R-3.1.0/library","0.1-0",NA,"R (>= 3.0.1)",NA,NA,"car, systemfit, sem, lmtest, sandwich, gdata, RCurl, XML,
tis, Ecdat, fda",NA,"GPL (>= 2)",NA,NA,NA,NA,"no","3.1.1"
"edgeR","edgeR","C:/Program Files/R/R-3.1.0/library","3.6.6",NA,"R (>= 2.15.0), limma","methods",NA,"MASS, statmod, splines, locfit, KernSmooth",NA,"GPL (>=2)",NA,NA,NA,NA,NA,"3.1.1"
"ellipse","ellipse","C:/Program Files/R/R-3.1.0/library","0.3-8",NA,"R (>= 2.0.0),graphics,stats",NA,NA,"MASS",NA,"GPL (>= 2)",NA,NA,NA,NA,"no","3.1.1"
"entropy","entropy","C:/Program Files/R/R-3.1.0/library","1.2.0",NA,"R (>= 2.15.1)",NA,NA,"",NA,"GPL (>= 3)",NA,NA,NA,NA,"no","3.0.1"
"epiR","epiR","C:/Program Files/R/R-3.1.0/library","0.9-58",NA,"R (>= 3.0.0), survival",NA,NA,"MASS (>= 3.1-20)",NA,"GPL (>= 2)",NA,NA,NA,NA,"no","3.1.0"
"evaluate","evaluate","C:/Program Files/R/R-3.1.0/library","0.5.5",NA,"R (>= 2.14.0)","stringr (>= 0.6.2)",NA,"testthat, lattice, ggplot2",NA,"GPL",NA,NA,NA,NA,"no","3.1.0"
"Exact","Exact","C:/Program Files/R/R-3.1.0/library","1.4",NA,NA,NA,NA,NA,NA,"GPL-2",NA,NA,NA,NA,"no","3.0.1"
"fail","fail","C:/Program Files/R/R-3.1.0/library","1.2",NA,NA,"BBmisc",NA,"testthat",NA,"BSD_3_clause + file LICENSE",NA,NA,NA,NA,"no","3.1.0"
"fastICA","fastICA","C:/Program Files/R/R-3.1.0/library","1.2-0",NA,"R (>= 3.0.0)",NA,NA,"MASS",NA,"GPL-2 | GPL-3",NA,NA,NA,NA,"yes","3.0.1"
"fastmatch","fastmatch","C:/Program Files/R/R-3.1.0/library","1.0-4",NA,NA,NA,NA,NA,NA,"GPL-2",NA,NA,NA,NA,NA,"3.0.0"
"fdrtool","fdrtool","C:/Program Files/R/R-3.1.0/library","1.2.12",NA,"R (>= 2.15.1)",NA,NA,"",NA,"GPL (>= 3)",NA,NA,NA,NA,"yes","3.1.0"
"ff","ff","C:/Program Files/R/R-3.1.0/library","2.2-13",NA,"R (>= 2.10.1), bit (>= 1.1-12), utils",NA,NA,"biglm",NA,"GPL-2 | file LICENSE",NA,NA,NA,NA,"yes","3.0.3"
"fingerprint","fingerprint","C:/Program Files/R/R-3.1.0/library","3.5.2",NA,"methods",NA,NA,"RUnit",NA,"GPL",NA,NA,NA,NA,"yes","3.0.2"
"flashClust","flashClust","C:/Program Files/R/R-3.1.0/library","1.01-2",NA,"R (>= 2.3.0)",NA,NA,NA,NA,"GPL (>= 2)",NA,NA,NA,NA,NA,"3.0.0"
"flexmix","flexmix","C:/Program Files/R/R-3.1.0/library","2.3-11",NA,"R (>= 2.15.0), lattice","grid, methods, modeltools (>= 0.2-16), nnet, stats, stats4",NA,"codetools, diptest, ellipse, gclus, lme4 (>= 1.0), MASS, mgcv
(>= 1.6-1), mlbench, mlogit, multcomp, mvtnorm, survival",NA,"GPL (>= 2)",NA,NA,NA,NA,"no","3.0.2"
"foreach","foreach","C:/Program Files/R/R-3.1.0/library","1.4.2",NA,"R (>= 2.5.0)","codetools, utils, iterators",NA,"randomForest","compiler, doMC, RUnit, doParallel","Apache License (== 2.0)",NA,NA,NA,NA,"no","3.1.0"
"foreign","foreign","C:/Program Files/R/R-3.1.0/library","0.8-61","recommended","R (>= 3.0.0), stats","methods, utils",NA,NA,NA,"GPL (>= 2)",NA,NA,NA,NA,"yes","3.1.0"
"formatR","formatR","C:/Program Files/R/R-3.1.0/library","0.10",NA,NA,NA,NA,"codetools, gWidgetsRGtk2, testit, knitr",NA,"GPL",NA,NA,NA,NA,"no","3.0.2"
"Formula","Formula","C:/Program Files/R/R-3.1.0/library","1.1-1",NA,"R (>= 2.0.0), stats",NA,NA,NA,NA,"GPL-2",NA,NA,NA,NA,"no","3.0.0"
"fpc","fpc","C:/Program Files/R/R-3.1.0/library","2.1-7",NA,"R (>= 2.0), MASS, cluster, mclust, flexmix",NA,NA,"prabclus, class, diptest, mvtnorm, robustbase, kernlab,
trimcluster",NA,"GPL",NA,NA,NA,NA,"no","3.0.3"
"frma","frma","C:/Program Files/R/R-3.1.0/library","1.16.0",NA,"R (>= 2.10.0), Biobase (>= 2.6.0)","Biobase, MASS, DBI, affy, methods, oligo, oligoClasses,
preprocessCore, utils, BiocGenerics",NA,"hgu133afrmavecs, frmaExampleData",NA,"GPL (>= 2)",NA,NA,NA,NA,NA,"3.1.0"
"FSelector","FSelector","C:/Program Files/R/R-3.1.0/library","0.19",NA,NA,"randomForest, RWeka, digest",NA,"mlbench, rpart",NA,"GPL-2",NA,NA,NA,NA,"no","3.0.3"
"futile.logger","futile.logger","C:/Program Files/R/R-3.1.0/library","1.3.7",NA,NA,"lambda.r (>= 1.1.0), futile.options",NA,"testthat",NA,"LGPL-3",NA,NA,NA,NA,"no","3.0.2"
"futile.options","futile.options","C:/Program Files/R/R-3.1.0/library","1.0.0",NA,"R (>= 2.8.0)",NA,NA,NA,NA,"LGPL-3",NA,NA,NA,NA,NA,"3.0.0"
"galgo","galgo","C:/Program Files/R/R-3.1.0/library","1.1",NA,"R.oo",NA,NA,"class, e1071, MASS, rpart, nnet",NA,"GNU",NA,NA,NA,NA,NA,"2.12.2"
"gam","gam","C:/Program Files/R/R-3.1.0/library","1.09.1",NA,"stats, splines, R (>= 3.1)",NA,NA,"akima, foreach",NA,"GPL-2",NA,NA,NA,NA,"yes","3.1.0"
"gbm","gbm","C:/Program Files/R/R-3.1.0/library","2.1",NA,"R (>= 2.9.0), survival, lattice, splines, parallel",NA,NA,"RUnit",NA,"GPL (>= 2) | file LICENSE",NA,NA,NA,NA,"yes","3.0.1"
"gcrma","gcrma","C:/Program Files/R/R-3.1.0/library","2.36.0",NA,"R (>= 2.6.0), affy (>= 1.23.2), graphics, methods, stats,
utils","Biobase, affy (>= 1.23.2), affyio (>= 1.13.3), XVector,
Biostrings (>= 2.11.32), splines, BiocInstaller",NA,"affydata, tools, splines, hgu95av2cdf, hgu95av2probe",NA,"LGPL",NA,NA,NA,NA,NA,"3.1.0"
"gdata","gdata","C:/Program Files/R/R-3.1.0/library","2.13.3",NA,"R (>= 2.13.0)","gtools",NA,"RUnit",NA,"GPL-2",NA,NA,NA,NA,"no","3.0.3"
"genefilter","genefilter","C:/Program Files/R/R-3.1.0/library","1.46.1",NA,NA,"AnnotationDbi, annotate (>= 1.13.7), Biobase (>= 1.99.10),
graphics, methods, stats, survival",NA,"Biobase (>= 1.99.10), class, hgu95av2.db, methods, tkWidgets,
ALL, ROC, DESeq, pasilla",NA,"Artistic-2.0",NA,NA,NA,NA,NA,"3.1.0"
"geneplotter","geneplotter","C:/Program Files/R/R-3.1.0/library","1.42.0",NA,"R (>= 2.10), methods, Biobase, BiocGenerics, lattice, annotate","AnnotationDbi, graphics, grDevices, grid, RColorBrewer, stats,
utils",NA,"Rgraphviz, fibroEset, hgu95av2.db, hu6800.db, hgu133a.db",NA,"Artistic-2.0",NA,NA,NA,NA,NA,"3.1.0"
"GenomeInfoDb","GenomeInfoDb","C:/Program Files/R/R-3.1.0/library","1.0.2",NA,"R (>= 3.1)",NA,NA,"BiocGenerics, IRanges, BSgenome,
BSgenome.Scerevisiae.UCSC.sacCer2,
BSgenome.Hsapiens.NCBI.GRCh38,
TxDb.Dmelanogaster.UCSC.dm3.ensGene, RUnit, BiocStyle, knitr",NA,"Artistic-2.0",NA,NA,NA,NA,NA,"3.1.0"
"GenomicAlignments","GenomicAlignments","C:/Program Files/R/R-3.1.0/library","1.0.2",NA,"R (>= 2.10), methods, BiocGenerics (>= 0.7.7), IRanges (>=
1.21.25), GenomicRanges (>= 1.15.32), Biostrings (>= 2.31.10),
Rsamtools (>= 1.15.26), BSgenome (>= 1.31.12)","methods, stats, BiocGenerics, IRanges, GenomicRanges,
Biostrings, Rsamtools, BiocParallel","IRanges","rtracklayer, GenomicFeatures, RNAseqData.HNRNPC.bam.chr14,
pasillaBamSubset, TxDb.Hsapiens.UCSC.hg19.knownGene,
TxDb.Dmelanogaster.UCSC.dm3.ensGene,
BSgenome.Dmelanogaster.UCSC.dm3, BSgenome.Hsapiens.UCSC.hg19,
DESeq, edgeR, RUnit, BiocStyle",NA,"Artistic-2.0",NA,NA,NA,NA,NA,"3.1.0"
"GenomicFeatures","GenomicFeatures","C:/Program Files/R/R-3.1.0/library","1.16.2",NA,"BiocGenerics (>= 0.1.0), IRanges (>= 1.17.13), GenomicRanges
(>= 1.15.25), AnnotationDbi (>= 1.25.7)","methods, DBI (>= 0.2-5), RSQLite (>= 0.8-1), Biostrings (>=
2.23.2), rtracklayer (>= 1.15.1), biomaRt (>= 2.17.1), RCurl,
utils, Biobase (>= 2.15.1), GenomeInfoDb",NA,"org.Mm.eg.db, BSgenome, BSgenome.Hsapiens.UCSC.hg18 (>=
1.3.14), BSgenome.Hsapiens.UCSC.hg19 (>= 1.3.17),
BSgenome.Celegans.UCSC.ce2, BSgenome.Dmelanogaster.UCSC.dm3 (>=
1.3.17), mirbase.db, FDb.UCSC.tRNAs,
TxDb.Hsapiens.UCSC.hg18.knownGene,
TxDb.Hsapiens.UCSC.hg19.knownGene,
TxDb.Dmelanogaster.UCSC.dm3.ensGene (>= 2.7.1), Rsamtools,
pasillaBamSubset (>= 0.0.5), seqnames.db, RUnit, BiocStyle,
knitr",NA,"Artistic-2.0",NA,NA,NA,NA,NA,"3.1.0"
"GenomicRanges","GenomicRanges","C:/Program Files/R/R-3.1.0/library","1.16.3",NA,"R (>= 2.10), methods, BiocGenerics (>= 0.7.7), IRanges (>=
1.21.33), GenomeInfoDb (>= 0.99.17)","methods, utils, stats, BiocGenerics, IRanges, XVector","IRanges, XVector (>= 0.3.4)","AnnotationDbi (>= 1.21.1), AnnotationHub, BSgenome,
BSgenome.Hsapiens.UCSC.hg19, BSgenome.Scerevisiae.UCSC.sacCer2,
Biostrings (>= 2.25.3), Rsamtools (>= 1.13.53),
GenomicAlignments, rtracklayer, KEGG.db, KEGGgraph,
GenomicFeatures, TxDb.Dmelanogaster.UCSC.dm3.ensGene,
TxDb.Hsapiens.UCSC.hg19.knownGene, seqnames.db, org.Sc.sgd.db,
VariantAnnotation, edgeR, DESeq, DEXSeq, pasilla,
pasillaBamSubset, RUnit, digest, BiocStyle",NA,"Artistic-2.0",NA,NA,NA,NA,NA,"3.1.0"
"genstruct","genstruct","C:/Program Files/R/R-3.1.0/library","0.2.10",NA,"R (>= 2.10.1), affy, cluster, limma, annotate, marray, rrcov,
simpleaffy, scatterplot3d",NA,NA,NA,NA,"",NA,NA,NA,NA,NA,"3.0.1"
"GEOquery","GEOquery","C:/Program Files/R/R-3.1.0/library","2.30.1",NA,"methods, Biobase","XML, RCurl",NA,"limma",NA,"GPL-2",NA,NA,NA,NA,NA,"3.1.1"
"getopt","getopt","C:/Program Files/R/R-3.1.0/library","1.20.0",NA,NA,NA,NA,"testthat",NA,"GPL (>= 2)",NA,NA,NA,NA,"no","3.0.2"
"ggm","ggm","C:/Program Files/R/R-3.1.0/library","2.1",NA,"igraph",NA,NA,NA,NA,"GPL (>= 2)",NA,NA,NA,NA,"no","3.1.0"
"ggplot2","ggplot2","C:/Program Files/R/R-3.1.0/library","1.0.0",NA,"R (>= 2.14), stats, methods","plyr (>= 1.7.1), digest, grid, gtable (>= 0.1.1), reshape2,
scales (>= 0.2.3), proto, MASS",NA,"quantreg, Hmisc, mapproj, maps, hexbin, maptools, multcomp,
nlme, testthat, knitr, mgcv","sp","GPL-2",NA,NA,NA,NA,"no","3.1.0"
"ggvis","ggvis","C:/Program Files/R/R-3.1.0/library","0.3.0.9001",NA,"
R (>= 3.0)","
assertthat,
RJSONIO,
shiny (>= 0.10),
magrittr,
dplyr (>= 0.2),
htmltools (>= 0.2.4),
plyr",NA,"
MASS,
mgcv,
testthat (>= 0.8.1),
knitr (>= 1.6),
rmarkdown",NA,"GPL-2",NA,NA,NA,NA,NA,"3.1.0"
"glasso","glasso","C:/Program Files/R/R-3.1.0/library","1.7",NA,NA,NA,NA,NA,NA,"GPL-2",NA,NA,NA,NA,NA,"3.0.0"
"glmnet","glmnet","C:/Program Files/R/R-3.1.0/library","1.9-8",NA,"Matrix (>= 1.0-6), utils",NA,NA,"survival, foreach",NA,"GPL-2",NA,NA,NA,NA,"yes","3.1.0"
"gnm","gnm","C:/Program Files/R/R-3.1.0/library","1.0-7",NA,"R (>= 2.3.0)","MASS, stats, graphics, Matrix, nnet, qvcalc (>= 0.8-3), relimp",NA,"vcdExtra",NA,"GPL (>= 2)",NA,NA,NA,NA,"yes","3.1.0"
"GO.db","GO.db","C:/Program Files/R/R-3.1.0/library","2.14.0",NA,"R (>= 2.7.0), methods, AnnotationDbi (>= 1.25.15)","methods, AnnotationDbi",NA,NA,NA,"Artistic-2.0",NA,NA,NA,NA,NA,"3.1.0"
"golubEsets","golubEsets","C:/Program Files/R/R-3.1.0/library","1.6.0",NA,"R (>= 2.14.0), Biobase (>= 2.5.5)",NA,NA,NA,NA,"LGPL",NA,NA,NA,NA,NA,"3.1.0"
"GOstats","GOstats","C:/Program Files/R/R-3.1.0/library","2.30.0",NA,"R (>= 2.10), Biobase (>= 1.15.29), Category (>= 2.3.26), graph","AnnotationDbi (>= 0.0.89), Biobase (>= 1.15.29), Category (>=
2.3.26), GO.db (>= 1.13.0), RBGL, annotate (>= 1.13.2), graph
(>= 1.15.15), methods, stats , AnnotationForge",NA,"hgu95av2.db (>= 1.13.0), ALL, GO.db (>= 1.13.0), annotate,
multtest, genefilter, RColorBrewer, Rgraphviz, xtable, SparseM,
GSEABase, geneplotter, org.Hs.eg.db, RUnit, BiocGenerics",NA,"Artistic-2.0",NA,NA,NA,NA,NA,"3.1.0"
"graph","graph","C:/Program Files/R/R-3.1.0/library","1.42.0",NA,"R (>= 2.10), methods","methods, stats, stats4, tools, utils, BiocGenerics (>= 0.1.11)",NA,"SparseM (>= 0.36), XML, RBGL, RUnit, cluster","Rgraphviz","Artistic-2.0",NA,NA,NA,NA,NA,"3.1.0"
"graphics","graphics","C:/Program Files/R/R-3.1.0/library","3.1.0","base",NA,"grDevices",NA,NA,NA,"Part of R 3.1.0",NA,NA,NA,NA,NA,"3.1.0"
"grDevices","grDevices","C:/Program Files/R/R-3.1.0/library","3.1.0","base",NA,NA,NA,NA,NA,"Part of R 3.1.0",NA,NA,NA,NA,NA,"3.1.0"
"grid","grid","C:/Program Files/R/R-3.1.0/library","3.1.0","base",NA,"grDevices",NA,"lattice",NA,"Part of R 3.1.0",NA,NA,NA,NA,NA,"3.1.0"
"gridBase","gridBase","C:/Program Files/R/R-3.1.0/library","0.4-7",NA,"R (>= 2.3.0)","graphics, grid",NA,"lattice",NA,"GPL",NA,NA,NA,NA,"no","3.0.3"
"gridExtra","gridExtra","C:/Program Files/R/R-3.1.0/library","0.9.1",NA,"R(>= 2.5.0), grid",NA,NA,"RGraphics, pixmap, EBImage, ggplot2, lattice",NA,"GPL (>= 2)",NA,NA,NA,NA,NA,"3.1.1"
"gridSVG","gridSVG","C:/Program Files/R/R-3.1.0/library","1.4-0",NA,"R (>= 3.1)","methods, grid, RJSONIO, XML",NA,"lattice",NA,"GPL",NA,NA,NA,NA,"yes","3.1.0"
"GSEABase","GSEABase","C:/Program Files/R/R-3.1.0/library","1.26.0",NA,"R (>= 2.6.0), BiocGenerics (>= 0.3.2), Biobase (>= 2.17.8),
annotate, methods, graph (>= 1.37.2)","AnnotationDbi, XML",NA,"hgu95av2.db, GO.db, org.Hs.eg.db, Rgraphviz, ReportingTools",NA,"Artistic-2.0",NA,NA,NA,NA,NA,"3.1.0"
"gss","gss","C:/Program Files/R/R-3.1.0/library","2.1-2",NA,"R (>= 2.14.0)",NA,NA,NA,NA,"GPL (>= 2)",NA,NA,NA,NA,"yes","3.1.0"
"gtable","gtable","C:/Program Files/R/R-3.1.0/library","0.1.2",NA,"R (>= 2.14), grid",NA,NA,"testthat, plyr",NA,"GPL-2",NA,NA,NA,NA,NA,"3.1.0"
"gtools","gtools","C:/Program Files/R/R-3.1.0/library","3.4.1",NA,NA,NA,NA,NA,NA,"LGPL-2.1",NA,NA,NA,NA,"yes","3.1.0"
"h2o","h2o","C:/Program Files/R/R-3.1.0/library","2.6.0.11",NA,"R (>= 2.13.0), RCurl, rjson, statmod, tools, methods, utils",NA,NA,NA,NA,"Apache License (== 2.0)",NA,NA,NA,NA,"no","3.0.1"
"hash","hash","C:/Program Files/R/R-3.1.0/library","2.2.6",NA,"R (>= 2.12.0), methods, utils",NA,NA,"testthat",NA,"GPL (>= 2)",NA,NA,NA,NA,"no","3.0.1"
"hexbin","hexbin","C:/Program Files/R/R-3.1.0/library","1.26.3",NA,"R (>= 2.0.1), methods, grid, lattice","graphics, grDevices, stats, utils",NA,"marray, affy, Biobase",NA,"GPL-2",NA,NA,NA,NA,"yes","3.0.2"
"hflights","hflights","C:/Program Files/R/R-3.1.0/library","0.1",NA,"R (>= 2.10)",NA,NA,NA,NA,"CC0",NA,NA,NA,NA,"no","3.1.0"
"hgu133acdf","hgu133acdf","C:/Program Files/R/R-3.1.0/library","2.14.0",NA,"R (>= 2.10), utils","AnnotationDbi",NA,NA,NA,"LGPL",NA,NA,NA,NA,NA,"3.1.0"
"hgu133ahsentrezg.db","hgu133ahsentrezg.db","C:/Program Files/R/R-3.1.0/library","17.1.0",NA,"R (>= 2.7.0), methods, AnnotationDbi (>= 1.22.1), org.Hs.eg.db
(>= 2.9.0)","methods, AnnotationDbi",NA,"annotate, RUnit",NA,"Artistic-2.0",NA,NA,NA,NA,NA,"3.0.1"
"hgu133ahsentrezgcdf","hgu133ahsentrezgcdf","C:/Program Files/R/R-3.1.0/library","17.1.0",NA,"utils, AnnotationDbi",NA,NA,NA,NA,"LGPL",NA,NA,NA,NA,NA,"3.0.1"
"hgu133ahsentrezgprobe","hgu133ahsentrezgprobe","C:/Program Files/R/R-3.1.0/library","17.1.0",NA,"R (>= 1.6), AnnotationDbi (>= 1.2.0)",NA,NA,NA,NA,"LGPL",NA,NA,NA,NA,NA,"3.0.1"
"hgu133plus2.db","hgu133plus2.db","C:/Program Files/R/R-3.1.0/library","2.14.0",NA,"R (>= 2.7.0), methods, AnnotationDbi (>= 1.25.15),
org.Hs.eg.db (>= 2.10.1)","methods, AnnotationDbi",NA,"annotate, RUnit",NA,"Artistic-2.0",NA,NA,NA,NA,NA,"3.1.0"
"hgu133plus2cdf","hgu133plus2cdf","C:/Program Files/R/R-3.1.0/library","2.14.0",NA,"R (>= 2.10), utils","AnnotationDbi",NA,NA,NA,"LGPL",NA,NA,NA,NA,NA,"3.1.0"
"hgu133plus2hsentrezgcdf","hgu133plus2hsentrezgcdf","C:/Program Files/R/R-3.1.0/library","17.1.0",NA,"utils, AnnotationDbi",NA,NA,NA,NA,"LGPL",NA,NA,NA,NA,NA,"3.0.0"
"hgug4112a.db","hgug4112a.db","C:/Program Files/R/R-3.1.0/library","2.14.0",NA,"R (>= 2.7.0), methods, AnnotationDbi (>= 1.25.15),
org.Hs.eg.db (>= 2.10.1)","methods, AnnotationDbi",NA,"annotate, RUnit",NA,"Artistic-2.0",NA,NA,NA,NA,NA,"3.1.0"
"highr","highr","C:/Program Files/R/R-3.1.0/library","0.3",NA,NA,NA,NA,"knitr, testit",NA,"GPL",NA,NA,NA,NA,"no","3.0.2"
"Hmisc","Hmisc","C:/Program Files/R/R-3.1.0/library","3.14-4",NA,"methods, grid, lattice, survival (>= 2.37-6), Formula","latticeExtra, cluster",NA,"nnet, foreign, chron, acepack, rms, mice, tables, rpart",NA,"GPL (>= 2)",NA,NA,NA,NA,"yes","3.1.0"
"hthgu133acdf","hthgu133acdf","C:/Program Files/R/R-3.1.0/library","2.14.0",NA,"R (>= 2.10), utils","AnnotationDbi",NA,NA,NA,"LGPL",NA,NA,NA,NA,NA,"3.1.0"
"hthgu133ahsentrezgcdf","hthgu133ahsentrezgcdf","C:/Program Files/R/R-3.1.0/library","17.1.0",NA,"utils, AnnotationDbi",NA,NA,NA,NA,"LGPL",NA,NA,NA,NA,NA,"3.0.1"
"htmltools","htmltools","C:/Program Files/R/R-3.1.0/library","0.2.6",NA,"R (>= 2.14.1)","utils, digest",NA,"markdown, testthat","knitr","GPL (>= 2)",NA,NA,NA,NA,"no","3.1.2"
"httpuv","httpuv","C:/Program Files/R/R-3.1.0/library","1.3.2",NA,"R (>= 2.15.1), methods","Rcpp (>= 0.11.0)","Rcpp",NA,NA,"GPL-3 | file LICENSE",NA,NA,NA,NA,"yes","3.1.2"
"httr","httr","C:/Program Files/R/R-3.1.0/library","0.3",NA,"R (>= 3.0.0)","RCurl (>= 1.95-0), stringr (>= 0.6.1), digest, tools, methods",NA,"jsonlite, XML, testthat (>= 0.8.0), png, jpeg, httpuv",NA,"MIT + file LICENSE",NA,NA,NA,NA,"no","3.0.3"
"huex10stv2hsentrezgcdf","huex10stv2hsentrezgcdf","C:/Program Files/R/R-3.1.0/library","17.1.0",NA,"utils, AnnotationDbi",NA,NA,NA,NA,"LGPL",NA,NA,NA,NA,NA,"3.0.0"
"hugene10sthsentrezg.db","hugene10sthsentrezg.db","C:/Program Files/R/R-3.1.0/library","17.1.0",NA,"R (>= 2.7.0), methods, AnnotationDbi (>= 1.22.1), org.Hs.eg.db
(>= 2.9.0)","methods, AnnotationDbi",NA,"annotate, RUnit",NA,"Artistic-2.0",NA,NA,NA,NA,NA,"3.0.1"
"hugene10sthsentrezgcdf","hugene10sthsentrezgcdf","C:/Program Files/R/R-3.1.0/library","17.1.0",NA,"utils, AnnotationDbi",NA,NA,NA,NA,"LGPL",NA,NA,NA,NA,NA,"3.0.1"
"hugene10sthsentrezgprobe","hugene10sthsentrezgprobe","C:/Program Files/R/R-3.1.0/library","17.1.0",NA,"R (>= 1.6), AnnotationDbi (>= 1.2.0)",NA,NA,NA,NA,"LGPL",NA,NA,NA,NA,NA,"3.0.1"
"hugene10stv1hsentrezgcdf","hugene10stv1hsentrezgcdf","C:/Program Files/R/R-3.1.0/library","16.0.0",NA,"utils, AnnotationDbi",NA,NA,NA,NA,"LGPL",NA,NA,NA,NA,NA,"2.15.1"
"hwriter","hwriter","C:/Program Files/R/R-3.1.0/library","1.3",NA,"R (>= 2.6.0)",NA,NA,NA,NA,"LGPL-2.1",NA,NA,NA,NA,NA,"3.0.0"
"igraph","igraph","C:/Program Files/R/R-3.1.0/library","0.7.1",NA,"methods","Matrix",NA,"igraphdata, stats4, rgl, tcltk, graph, ape",NA,"GPL (>= 2)",NA,NA,NA,NA,"yes","3.1.0"
"igraph0","igraph0","C:/Program Files/R/R-3.1.0/library","0.5.7",NA,"stats",NA,NA,"stats4, rgl, tcltk, RSQLite, digest, graph, Matrix",NA,"GPL (>= 2)",NA,NA,NA,NA,"yes","3.0.1"
"illuminaHumanv3.db","illuminaHumanv3.db","C:/Program Files/R/R-3.1.0/library","1.22.1",NA,"R (>= 2.7.0), methods, AnnotationDbi (>= 1.25.15),
org.Hs.eg.db (>= 2.14.0)","methods, AnnotationDbi,AnnotationForge",NA,"annotate, RUnit",NA,"Artistic-2.0",NA,NA,NA,NA,NA,"3.1.0"
"illuminaio","illuminaio","C:/Program Files/R/R-3.1.0/library","0.6.0",NA,NA,"base64",NA,"RUnit, BiocGenerics, IlluminaDataTestFiles (>= 1.0.2),
BiocStyle",NA,"GPL-2",NA,NA,NA,NA,NA,"3.1.0"
"impute","impute","C:/Program Files/R/R-3.1.0/library","1.38.1",NA,"R (>= 2.10)",NA,NA,NA,NA,"GPL-2",NA,NA,NA,NA,NA,"3.1.0"
"infotheo","infotheo","C:/Program Files/R/R-3.1.0/library","1.1.1",NA,NA,NA,NA,NA,NA,"GPL (>= 3)",NA,NA,NA,NA,NA,"3.0.0"
"ipred","ipred","C:/Program Files/R/R-3.1.0/library","0.9-3",NA,"R (>= 2.10)","rpart (>= 3.1-8), MASS, survival, nnet, class, prodlim",NA,"mvtnorm, mlbench, TH.data",NA,"GPL (>= 2)",NA,NA,NA,NA,"yes","3.0.2"
"IRanges","IRanges","C:/Program Files/R/R-3.1.0/library","1.22.9",NA,"R (>= 3.1.0), methods, utils, stats, BiocGenerics (>= 0.9.1)","methods, utils, stats, BiocGenerics, stats4",NA,"XVector, GenomicRanges, BSgenome.Celegans.UCSC.ce2, RUnit",NA,"Artistic-2.0",NA,NA,NA,NA,NA,"3.1.0"
"Iso","Iso","C:/Program Files/R/R-3.1.0/library","0.0-15",NA,"R (>= 1.7.0)",NA,NA,NA,NA,"GPL (>= 2)",NA,NA,NA,NA,"yes","3.0.0"
"iterators","iterators","C:/Program Files/R/R-3.1.0/library","1.0.7",NA,"R (>= 2.5.0), utils",NA,NA,"RUnit",NA,"Apache License (== 2.0)",NA,NA,NA,NA,"no","3.1.0"
"itertools","itertools","C:/Program Files/R/R-3.1.0/library","0.1-3",NA,"R (>= 2.14.0), iterators(>= 1.0.0)","parallel",NA,"foreach",NA,"GPL-2",NA,NA,NA,NA,"no","3.0.3"
"jetset","jetset","C:/Program Files/R/R-3.1.0/library","1.4.0",NA,"R (>= 2.10)","org.Hs.eg.db, AnnotationDbi",NA,NA,NA,"Artistic-2.0",NA,NA,NA,NA,NA,"3.0.0"
"jsonlite","jsonlite","C:/Program Files/R/R-3.1.0/library","0.9.8",NA,"methods",NA,NA,"testthat, knitr, reshape2, httr (>= 0.3), rjson",NA,"Apache License 2.0",NA,NA,NA,NA,"yes","3.1.1"
"kappalab","kappalab","C:/Program Files/R/R-3.1.0/library","0.4-6",NA,"R(>= 2.1.0), methods, lpSolve, quadprog, kernlab",NA,NA,NA,NA,"CeCILL",NA,NA,NA,NA,NA,"3.0.0"
"KEGG.db","KEGG.db","C:/Program Files/R/R-3.1.0/library","2.14.0",NA,"R (>= 2.7.0), methods, AnnotationDbi (>= 1.25.15)","methods, AnnotationDbi",NA,NA,NA,"file LICENSE",NA,"yes",NA,NA,NA,"3.1.0"
"kernlab","kernlab","C:/Program Files/R/R-3.1.0/library","0.9-19",NA,"R (>= 2.10), methods",NA,NA,NA,NA,"GPL-2",NA,NA,NA,NA,"yes","3.1.1"
"KernSmooth","KernSmooth","C:/Program Files/R/R-3.1.0/library","2.23-12","recommended","R (>= 2.5.0), stats",NA,NA,"MASS",NA,"Unlimited",NA,NA,NA,NA,"yes","3.1.0"
"klaR","klaR","C:/Program Files/R/R-3.1.0/library","0.6-11",NA,"R (>= 2.10.0), MASS","combinat",NA,"scatterplot3d (>= 0.3-22), som, mlbench, rpart, e1071",NA,"GPL-2",NA,NA,NA,NA,"no","3.1.0"
"knitr","knitr","C:/Program Files/R/R-3.1.0/library","1.6",NA,"R (>= 2.14.1)","evaluate (>= 0.5.3), digest, formatR (>= 0.10), highr (>=
0.3), markdown (>= 0.6.5), stringr (>= 0.6), tools",NA,"testit, rgl, codetools, XML, RCurl",NA,"GPL",NA,NA,NA,NA,"no","3.1.0"
"ks","ks","C:/Program Files/R/R-3.1.0/library","1.9.2",NA,"R (>= 1.4.0), KernSmooth (>= 2.22), misc3d (>= 0.4-0), mvtnorm
(>= 0.9), rgl (>= 0.66)","multicool",NA,"MASS, copula",NA,"GPL-2 | GPL-3",NA,NA,NA,NA,"yes","3.1.0"
"labeling","labeling","C:/Program Files/R/R-3.1.0/library","0.2",NA,NA,NA,NA,NA,NA,"MIT | Unlimited",NA,NA,NA,NA,"no","3.1.0"
"Lahman","Lahman","C:/Program Files/R/R-3.1.0/library","2.0-3",NA,"R (>= 2.10)",NA,NA,"lattice, ggplot2, googleVis, data.table, vcd, plyr, reshape2,
zipcode",NA,"GPL",NA,NA,NA,NA,"no","3.1.0"
"lambda.r","lambda.r","C:/Program Files/R/R-3.1.0/library","1.1.6",NA,"R (>= 3.0.0)",NA,NA,"RUnit",NA,"LGPL-3",NA,NA,NA,NA,"no","3.0.2"
"lars","lars","C:/Program Files/R/R-3.1.0/library","1.2",NA,"R (>= 2.10)",NA,NA,NA,NA,"GPL-2",NA,NA,NA,NA,"yes","3.0.0"
"lattice","lattice","C:/Program Files/R/R-3.1.0/library","0.20-29","recommended","R (>= 2.15.1)","grid, grDevices, graphics, stats, utils",NA,"KernSmooth, MASS","chron","GPL (>= 2)",NA,NA,NA,NA,"yes","3.1.0"
"latticeExtra","latticeExtra","C:/Program Files/R/R-3.1.0/library","0.6-26",NA,"R (>= 2.10.0), RColorBrewer, lattice (>= 0.18-1)","grid",NA,"maps, mapproj, deldir, tripack, quantreg, zoo, MASS, mgcv",NA,"GPL (>= 2)",NA,NA,NA,NA,"no","3.0.1"
"lava","lava","C:/Program Files/R/R-3.1.0/library","1.2.6",NA,"R (>= 2.15)","numDeriv",NA,"mets (>= 0.2.7), graph, Rgraphviz, igraph (>= 0.6), Matrix,
lme4, geepack, gof (>= 0.9), foreach, survival, testthat, ascii",NA,"GPL-3",NA,NA,NA,NA,"no","3.1.0"
"limma","limma","C:/Program Files/R/R-3.1.0/library","3.20.8",NA,"R (>= 2.3.0), methods",NA,NA,"statmod (>= 1.2.2), splines, locfit, MASS, ellipse, affy,
vsn, AnnotationDbi, org.Hs.eg.db, illuminaio",NA,"GPL (>=2)",NA,NA,NA,NA,NA,"3.1.0"
"lme4","lme4","C:/Program Files/R/R-3.1.0/library","1.1-6",NA,"R (>= 2.15.1), Matrix (>= 1.1.1), methods, stats, Rcpp (>=
0.10.5)","graphics, grid, splines, parallel, MASS, nlme, lattice, minqa
(>= 1.1.15), RcppEigen (>= 0.3.2.0)","Rcpp, RcppEigen","boot, PKPDmodels, MEMSS, testthat, ggplot2, mlmRev, optimx
(>= 2013.8.6), plyr, reshape, pbkrtest",NA,"GPL (>= 2)",NA,NA,NA,NA,"yes","3.0.3"
"lmtest","lmtest","C:/Program Files/R/R-3.1.0/library","0.9-33",NA,"R (>= 2.10.0), stats, zoo","graphics",NA,"car, strucchange, sandwich, dynlm, stats4, survival, AER",NA,"GPL-2 | GPL-3",NA,NA,NA,NA,"yes","3.0.2"
"locfit","locfit","C:/Program Files/R/R-3.1.0/library","1.5-9.1",NA,"R (>= 2.0.1)","lattice",NA,"akima, gam",NA,"GPL (>= 2)",NA,NA,NA,NA,"yes","3.0.1"
"LogicReg","LogicReg","C:/Program Files/R/R-3.1.0/library","1.5.5",NA,"R (>= 2.10), survival",NA,NA,NA,NA,"GPL (>= 2)",NA,NA,NA,NA,"yes","3.0.2"
"lokern","lokern","C:/Program Files/R/R-3.1.0/library","1.1-5",NA,NA,"sfsmisc (>= 1.0-12)",NA,NA,NA,"GPL (>= 2)",NA,NA,NA,NA,"yes","3.0.2"
"lubridate","lubridate","C:/Program Files/R/R-3.1.0/library","1.3.3",NA,"methods, R (>= 3.0.0)","plyr, stringr, memoise",NA,"testthat, knitr","chron, timeDate, zoo, xts, its, tis, timeSeries, fts, tseries","GPL",NA,NA,NA,NA,"yes","3.1.1"
"magic","magic","C:/Program Files/R/R-3.1.0/library","1.5-6",NA,"R (>= 2.10), abind",NA,NA,NA,NA,"GPL-2",NA,NA,NA,NA,"no","3.0.2"
"magrittr","magrittr","C:/Program Files/R/R-3.1.0/library","1.0.1",NA,NA,NA,NA,"testthat, knitr",NA,"MIT + file LICENSE",NA,NA,NA,NA,"no","3.1.0"
"manipulate","manipulate","C:/Program Files/R/R-3.1.0/library","0.98.1028",NA,"R (>= 2.10.0)",NA,NA,"graphics, grid, lattice, ggplot2",NA,"",NA,NA,NA,NA,NA,"3.1.0"
"maps","maps","C:/Program Files/R/R-3.1.0/library","2.3-7",NA,"R (>= 2.10.0)",NA,NA,"mapproj (>= 1.2-0)",NA,"GPL-2",NA,NA,NA,NA,"yes","3.1.0"
"markdown","markdown","C:/Program Files/R/R-3.1.0/library","0.7",NA,"R (>= 2.11.1)","mime (>= 0.1.1)",NA,"knitr, RCurl",NA,"GPL-2",NA,NA,NA,NA,"yes","3.1.0"
"marray","marray","C:/Program Files/R/R-3.1.0/library","1.42.0",NA,"R (>= 2.10.0), limma, methods",NA,NA,"tkWidgets",NA,"LGPL",NA,NA,NA,NA,NA,"3.1.0"
"MASS","MASS","C:/Program Files/R/R-3.1.0/library","7.3-33","recommended","R (>= 3.0.0), grDevices, graphics, stats, utils",NA,NA,"lattice, nlme, nnet, survival",NA,"GPL-2 | GPL-3",NA,NA,NA,NA,"yes","3.1.0"
"Matrix","Matrix","C:/Program Files/R/R-3.1.0/library","1.1-3","recommended","R (>= 2.15.2), methods","graphics, grid, stats, utils, lattice",NA,"expm, MASS","MatrixModels, graph, SparseM, sfsmisc","GPL (>= 2)",NA,NA,NA,NA,"yes","3.1.0"
"matrixcalc","matrixcalc","C:/Program Files/R/R-3.1.0/library","1.0-3",NA,"R (>= 2.0.1)",NA,NA,NA,NA,"GPL (>= 2)",NA,NA,NA,NA,NA,"3.0.0"
"matrixStats","matrixStats","C:/Program Files/R/R-3.1.0/library","0.10.0",NA,"R (>= 2.9.0)","methods, R.methodsS3 (>= 1.6.1)",NA,"R.rsp",NA,"Artistic-2.0",NA,NA,NA,NA,"yes","3.1.0"
"mboost","mboost","C:/Program Files/R/R-3.1.0/library","2.3-0",NA,"R (>= 2.14.0), methods, stats, parallel","Matrix, survival, splines, lattice, nnls, quadprog, utils",NA,"party (>= 1.0-3), TH.data, MASS, fields, BayesX, gbm,
mlbench, RColorBrewer, rpart (>= 4.0-3)",NA,"GPL-2",NA,NA,NA,NA,"yes","3.1.1"
"mclust","mclust","C:/Program Files/R/R-3.1.0/library","4.3",NA,"R (>= 2.15), stats, utils",NA,NA,"mix",NA,"GPL (>= 2)",NA,NA,NA,NA,"yes","3.0.3"
"mda","mda","C:/Program Files/R/R-3.1.0/library","0.4-4",NA,"R (>= 1.9.0), stats, class",NA,NA,"earth",NA,"GPL-2",NA,NA,NA,NA,"yes","3.1.1"
"memoise","memoise","C:/Program Files/R/R-3.1.0/library","0.2.1",NA,NA,"digest",NA,NA,NA,"MIT + file LICENSE",NA,NA,NA,NA,"no","3.1.0"
"methods","methods","C:/Program Files/R/R-3.1.0/library","3.1.0","base",NA,"utils",NA,NA,NA,"Part of R 3.1.0",NA,NA,NA,NA,NA,"3.1.0"
"mgcv","mgcv","C:/Program Files/R/R-3.1.0/library","1.8-1","recommended","R (>= 2.14.0), nlme (>= 3.1-64)","methods, stats, graphics, Matrix",NA,"splines, parallel, survival, MASS",NA,"GPL (>= 2)",NA,NA,NA,NA,"yes","3.1.1"
"microbenchmark","microbenchmark","C:/Program Files/R/R-3.1.0/library","1.4-2",NA,NA,"graphics, ggplot2",NA,"multcomp",NA,"BSD_2_clause + file LICENSE",NA,NA,NA,NA,"yes","3.1.2"
"mime","mime","C:/Program Files/R/R-3.1.0/library","0.2",NA,NA,"tools",NA,NA,NA,"GPL",NA,NA,NA,NA,"yes","3.1.2"
"minet","minet","C:/Program Files/R/R-3.1.0/library","3.20.0",NA,NA,NA,NA,NA,NA,"CC BY-NC-SA 3.0",NA,NA,NA,NA,NA,"3.1.0"
"minqa","minqa","C:/Program Files/R/R-3.1.0/library","1.2.3",NA,NA,"Rcpp (>= 0.9.10)","Rcpp",NA,NA,"GPL-2",NA,NA,NA,NA,"yes","3.0.3"
"misc3d","misc3d","C:/Program Files/R/R-3.1.0/library","0.8-4",NA,NA,NA,NA,"rgl, tkrplot, MASS",NA,"GPL",NA,NA,NA,NA,NA,"3.0.1"
"mixtools","mixtools","C:/Program Files/R/R-3.1.0/library","1.0.2",NA,"R (>= 2.10.0), boot, MASS, segmented",NA,NA,NA,NA,"GPL (>= 2)",NA,NA,NA,NA,"yes","3.1.0"
"mlbench","mlbench","C:/Program Files/R/R-3.1.0/library","2.1-1",NA,"R (>= 2.10)",NA,NA,"lattice",NA,"GPL-2",NA,NA,NA,NA,NA,"3.0.1"
"modeltools","modeltools","C:/Program Files/R/R-3.1.0/library","0.2-21",NA,"stats, stats4","methods",NA,NA,NA,"GPL-2",NA,NA,NA,NA,"no","3.0.1"
"mpm","mpm","C:/Program Files/R/R-3.1.0/library","1.0-22",NA,"R (>= 2.10), MASS, KernSmooth",NA,NA,NA,NA,"GPL (>= 2)",NA,NA,NA,NA,NA,"3.0.1"
"MRCE","MRCE","C:/Program Files/R/R-3.1.0/library","2.0",NA,"R (>= 2.10.1), QUIC",NA,NA,NA,NA,"GPL-2",NA,NA,NA,NA,"yes","3.0.1"
"mRMRe","mRMRe","C:/Program Files/R/R-3.1.0/library","2.0.4",NA,"survival, igraph, methods","","",NA,NA,"Artistic-2.0",NA,NA,NA,NA,"yes","3.0.2"
"multicool","multicool","C:/Program Files/R/R-3.1.0/library","0.1-2",NA,NA,NA,NA,NA,NA,"GPL (>= 2)",NA,NA,NA,NA,"yes","3.0.1"
"munsell","munsell","C:/Program Files/R/R-3.1.0/library","0.4.2",NA,NA,"colorspace",NA,"ggplot2 (>= 0.9.2)",NA,"MIT + file LICENSE",NA,NA,NA,NA,"no","3.1.0"
"mvtnorm","mvtnorm","C:/Program Files/R/R-3.1.0/library","1.0-0",NA,"R(>= 1.9.0)","stats",NA,NA,NA,"GPL-2",NA,NA,NA,NA,"yes","3.1.0"
"mypkg","mypkg","C:/Program Files/R/R-3.1.0/library","1.0",NA,NA,NA,NA,NA,NA,"GPL 2",NA,NA,NA,NA,NA,"3.0.1"
"ncvreg","ncvreg","C:/Program Files/R/R-3.1.0/library","3.2-0",NA,"",NA,NA,NA,NA,"GPL-2",NA,NA,NA,NA,"yes","3.1.1"
"nlme","nlme","C:/Program Files/R/R-3.1.0/library","3.1-117","recommended","graphics, stats, R (>= 3.0.0)","lattice",NA,"Hmisc, MASS",NA,"GPL (>= 2)",NA,NA,NA,NA,"yes","3.1.0"
"NMF","NMF","C:/Program Files/R/R-3.1.0/library","0.20.5",NA,"R (>= 3.0.0), methods, utils, pkgmaker (>= 0.20), registry,
rngtools (>= 1.2.3), cluster","graphics, stats, stringr, digest, grid, grDevices, gridBase,
colorspace, RColorBrewer, foreach, doParallel, ggplot2,
reshape2",NA,"RcppOctave (>= 0.11), fastICA, doMPI, bigmemory (>= 4.2),
synchronicity, corpcor, xtable, devtools, knitr, bibtex, RUnit,
mail, Biobase",NA,"GPL (>= 2)",NA,NA,NA,NA,"yes","3.0.3"
"nnet","nnet","C:/Program Files/R/R-3.1.0/library","7.3-8","recommended","R (>= 2.14.0), stats, utils",NA,NA,"MASS",NA,"GPL-2 | GPL-3",NA,NA,NA,NA,"yes","3.1.0"
"nnls","nnls","C:/Program Files/R/R-3.1.0/library","1.4",NA,NA,NA,NA,NA,NA,"GPL (>= 2)",NA,NA,NA,NA,NA,"3.0.0"
"nor1mix","nor1mix","C:/Program Files/R/R-3.1.0/library","1.1-4",NA,NA,"stats, graphics",NA,"cluster",NA,"GPL (>= 2)",NA,NA,NA,NA,"no","3.0.1"
"numDeriv","numDeriv","C:/Program Files/R/R-3.1.0/library","2012.9-1",NA,"R (>= 1.8.1)",NA,NA,NA,NA,"GPL-2",NA,NA,NA,NA,NA,"3.0.0"
"oligo","oligo","C:/Program Files/R/R-3.1.0/library","1.28.2",NA,"R (>= 2.15.0), BiocGenerics (>= 0.3.2), oligoClasses (>=
1.25.4), Biobase (>= 2.17.8), Biostrings (>= 2.25.12)","affyio (>= 1.25.0), affxparser (>= 1.29.11), BiocGenerics (>=
0.3.2), DBI (>= 0.2-5), ff, graphics, methods, preprocessCore
(>= 1.19.0), splines, stats, stats4, utils, zlibbioc","preprocessCore","hapmap100kxba, pd.mapping50k.xba240, pd.huex.1.0.st.v2,
pd.hg18.60mer.expr, pd.hugene.1.0.st.v1, maqcExpression4plex,
genefilter, limma, RColorBrewer, oligoData, RUnit","ff, doMC, doMPI","LGPL (>= 2)",NA,NA,NA,NA,NA,"3.1.0"
"oligoClasses","oligoClasses","C:/Program Files/R/R-3.1.0/library","1.26.0",NA,"R (>= 2.14)","BiocGenerics (>= 0.3.2), Biobase (>= 2.17.8), methods,
graphics, IRanges (>= 1.13.30), GenomicRanges, Biostrings (>=
2.23.6), affyio (>= 1.23.2), ff, foreach, BiocInstaller, utils",NA,"RSQLite, hapmapsnp5, hapmapsnp6, pd.genomewidesnp.6,
pd.genomewidesnp.5, pd.mapping50k.hind240,
pd.mapping50k.xba240, pd.mapping250k.sty, pd.mapping250k.nsp,
genomewidesnp6Crlmm (>= 1.0.7), genomewidesnp5Crlmm (>= 1.0.6),
crlmm, SNPchip, VanillaICE, RUnit, human370v1cCrlmm","doMC, doMPI, doSNOW, doParallel, doRedis","GPL (>= 2)",NA,NA,NA,NA,NA,"3.1.0"
"org.Hs.eg.db","org.Hs.eg.db","C:/Program Files/R/R-3.1.0/library","2.14.0",NA,"R (>= 2.7.0), methods, AnnotationDbi (>= 1.25.15)","methods, AnnotationDbi",NA,"annotate, RUnit",NA,"Artistic-2.0",NA,NA,NA,NA,NA,"3.1.0"
"org.Mm.eg.db","org.Mm.eg.db","C:/Program Files/R/R-3.1.0/library","2.14.0",NA,"R (>= 2.7.0), methods, AnnotationDbi (>= 1.25.15)","methods, AnnotationDbi",NA,"annotate, RUnit",NA,"Artistic-2.0",NA,NA,NA,NA,NA,"3.1.0"
"org.Sc.sgd.db","org.Sc.sgd.db","C:/Program Files/R/R-3.1.0/library","2.14.0",NA,"R (>= 2.7.0), methods, AnnotationDbi (>= 1.25.15)","methods, AnnotationDbi",NA,"annotate, RUnit",NA,"Artistic-2.0",NA,NA,NA,NA,NA,"3.1.0"
"pamr","pamr","C:/Program Files/R/R-3.1.0/library","1.54.1",NA,"R (>= 2.10), cluster, survival",NA,NA,NA,NA,"GPL-2",NA,NA,NA,NA,"yes","3.0.1"
"pander","pander","C:/Program Files/R/R-3.1.0/library","0.3.8",NA,"R (>= 2.15.0)","methods, digest, tools",NA,"grid, lattice, ggplot2 (>= 0.9.2)",NA,"AGPL-3",NA,NA,NA,NA,"no","3.1.1"
"parallel","parallel","C:/Program Files/R/R-3.1.0/library","3.1.0","base",NA,"tools",NA,NA,"snow, nws, Rmpi","Part of R 3.1.0",NA,NA,NA,NA,NA,"3.1.0"
"party","party","C:/Program Files/R/R-3.1.0/library","1.0-15",NA,"R (>= 2.14.0), methods, grid, zoo, sandwich (>= 1.1-1),
strucchange, stats, modeltools (>= 0.2-21)","survival, coin",NA,"TH.data (>= 1.0-3), mlbench, colorspace, MASS, mvtnorm, vcd,
ipred",NA,"GPL-2",NA,NA,NA,NA,"yes","3.1.1"
"pbapply","pbapply","C:/Program Files/R/R-3.1.0/library","1.1-1",NA,NA,NA,NA,NA,NA,"GPL-2",NA,NA,NA,NA,"no","3.1.1"
"pcaMethods","pcaMethods","C:/Program Files/R/R-3.1.0/library","1.54.0",NA,"Biobase, methods, Rcpp (>= 0.8.7)","BiocGenerics, MASS","Rcpp","matrixStats, lattice",NA,"GPL (>= 3)",NA,NA,NA,NA,NA,"3.1.0"
"pcaPP","pcaPP","C:/Program Files/R/R-3.1.0/library","1.9-49",NA,"mvtnorm",NA,NA,NA,NA,"GPL (>= 3)",NA,NA,NA,NA,"yes","3.0.0"
"permute","permute","C:/Program Files/R/R-3.1.0/library","0.8-3",NA,"R (>= 2.14.0)",NA,NA,"vegan (>= 2.0-0), testthat (>= 0.5), parallel",NA,"GPL-2",NA,NA,NA,NA,"no","3.0.3"
"pheatmap","pheatmap","C:/Program Files/R/R-3.1.0/library","0.7.7",NA,"R (>= 2.0)","grid, RColorBrewer",NA,NA,NA,"GPL-2",NA,NA,NA,NA,"no","3.1.0"
"phom","phom","C:/Program Files/R/R-3.1.0/library","1.0.3",NA,"Rcpp (>= 0.9.7)",NA,"Rcpp",NA,NA,"BSD_3_clause + file LICENSE",NA,NA,NA,NA,"yes","3.0.3"
"pkgmaker","pkgmaker","C:/Program Files/R/R-3.1.0/library","0.22",NA,"R (>= 3.0.0), stats, registry","methods, tools, codetools, digest, stringr, xtable, grDevices",NA,"devtools (>= 0.8), bibtex, RUnit, testthat, knitr,
ReportingTools, hwriter, argparse",NA,"GPL (>= 2)",NA,NA,NA,NA,"no","3.1.0"
"plotmo","plotmo","C:/Program Files/R/R-3.1.0/library","1.3-3",NA,NA,NA,NA,"earth, rpart",NA,"GPL-3",NA,NA,NA,NA,"no","3.0.3"
"plotrix","plotrix","C:/Program Files/R/R-3.1.0/library","3.5-7",NA,NA,NA,NA,NA,NA,"GPL (>= 2)",NA,NA,NA,NA,"no","3.1.0"
"pls","pls","C:/Program Files/R/R-3.1.0/library","2.4-3",NA,"R (>= 2.10)",NA,NA,"MASS, parallel, Rmpi",NA,"GPL-2",NA,NA,NA,NA,"no","3.0.1"
"plsgenomics","plsgenomics","C:/Program Files/R/R-3.1.0/library","1.2-6",NA,"R (>= 2.10), MASS",NA,NA,"",NA,"GPL (>= 2)",NA,NA,NA,NA,NA,"3.0.1"
"plyr","plyr","C:/Program Files/R/R-3.1.0/library","1.8.1",NA,"R (>= 2.11.0)","Rcpp (>= 0.11.0)","Rcpp","abind, testthat, tcltk, foreach, doMC, itertools, iterators",NA,"MIT + file LICENSE",NA,NA,NA,NA,"yes","3.1.0"
"polspline","polspline","C:/Program Files/R/R-3.1.0/library","1.1.9",NA,NA,NA,NA,NA,NA,"GPL (>= 2)",NA,NA,NA,NA,"yes","3.0.2"
"PolynomF","PolynomF","C:/Program Files/R/R-3.1.0/library","0.94",NA,NA,NA,NA,NA,NA,"GPL-2",NA,NA,NA,NA,NA,"3.0.0"
"preprocessCore","preprocessCore","C:/Program Files/R/R-3.1.0/library","1.26.1",NA,"methods","stats",NA,NA,NA,"LGPL (>= 2)",NA,NA,NA,NA,NA,"3.1.0"
"pROC","pROC","C:/Program Files/R/R-3.1.0/library","1.7.3",NA,"R (>= 2.13)","plyr, utils, methods, Rcpp (>= 0.11.1)","Rcpp","microbenchmark, tcltk, MASS, logcondens, doMC, doSNOW",NA,"GPL (>= 3)",NA,NA,NA,NA,"yes","3.1.1"
"prodlim","prodlim","C:/Program Files/R/R-3.1.0/library","1.4.3",NA,"R (>= 1.9.1)","stats, survival, KernSmooth, lava",NA,NA,NA,"GPL (>= 2)",NA,NA,NA,NA,"yes","3.1.0"
"profileModel","profileModel","C:/Program Files/R/R-3.1.0/library","0.5-9",NA,"R (>= 2.6.0)",NA,NA,"MASS, gnm",NA,"GPL (>= 2)",NA,NA,NA,NA,"no","3.0.1"
"proto","proto","C:/Program Files/R/R-3.1.0/library","0.3-10",NA,NA,NA,NA,"graph, Rgraphviz",NA,"GPL-2",NA,NA,NA,NA,NA,"3.1.0"
"pryr","pryr","C:/Program Files/R/R-3.1.0/library","0.1",NA,"
Rcpp (>= 0.10.1)","
stringr,
testthat,
codetools","Rcpp",NA,NA,"GPL-2",NA,NA,NA,NA,NA,"3.0.1"
"PSCBS","PSCBS","C:/Program Files/R/R-3.1.0/library","0.43.0",NA,"R (>= 3.0.0), utils","R.methodsS3 (>= 1.6.1), R.oo (>= 1.18.0), R.utils (>= 1.32.4),
R.cache (>= 0.9.0), matrixStats (>= 0.10.0), DNAcopy (>=
1.36.0)",NA,"aroma.light (>= 1.32.0), Hmisc (>= 3.14-4), R.rsp (>=
0.19.0), R.devices (>= 2.9.2), ggplot2 (>= 1.0.0)",NA,"GPL (>= 2)",NA,NA,NA,NA,"no","3.1.0"
"psych","psych","C:/Program Files/R/R-3.1.0/library","1.4.5",NA,"R (>= 2.10)",NA,NA,"MASS, parallel, GPArotation, mvtnorm, polycor, sem, lavaan,
Rcsdp, graph, Rgraphviz",NA,"GPL (>= 2)",NA,NA,NA,NA,"no","3.1.0"
"pvca","pvca","C:/Program Files/R/R-3.1.0/library","1.4.0",NA,"R (>= 2.15.1)","Matrix, Biobase, vsn, lme4",NA,"golubEsets",NA,"LGPL (>= 2.0)",NA,NA,NA,NA,NA,"3.1.0"
"pwr","pwr","C:/Program Files/R/R-3.1.0/library","1.1.1",NA,"R (>= 1.8.0)",NA,NA,NA,NA,"GPL (>= 2)",NA,NA,NA,NA,NA,"3.1.0"
"quadprog","quadprog","C:/Program Files/R/R-3.1.0/library","1.5-5",NA,"R (>= 2.15.0)",NA,NA,NA,NA,"GPL (>= 2)",NA,NA,NA,NA,"yes","3.0.0"
"quantreg","quantreg","C:/Program Files/R/R-3.1.0/library","5.05",NA,"R (>= 2.6), stats, SparseM",NA,NA,"tripack, akima, MASS, survival, rgl, logspline, nor1mix,
MatrixModels, Matrix, Formula, zoo, dynlm",NA,"GPL (>= 2)",NA,NA,NA,NA,"yes","3.0.2"
"QuasR","QuasR","C:/Program Files/R/R-3.1.0/library","1.4.2",NA,"parallel, GenomicRanges (>= 1.13.3), Rbowtie","methods, zlibbioc, BiocGenerics, IRanges, BiocInstaller,
Biobase, Biostrings, GenomicRanges, BSgenome, Rsamtools (>=
1.13.1), GenomicFeatures, ShortRead (>= 1.19.1),
GenomicAlignments","Rsamtools","Rsamtools, rtracklayer, Gviz, RUnit, BiocStyle",NA,"GPL-2",NA,NA,NA,NA,NA,"3.1.0"
"QUIC","QUIC","C:/Program Files/R/R-3.1.0/library","1.1",NA,"R (>= 2.10)",NA,NA,NA,NA,"GPL-3",NA,NA,NA,NA,NA,"3.0.0"
"qvalue","qvalue","C:/Program Files/R/R-3.1.0/library","1.38.0",NA,NA,"graphics, grDevices, stats, tcltk",NA,NA,NA,"LGPL",NA,NA,NA,NA,NA,"3.1.0"
"qvcalc","qvcalc","C:/Program Files/R/R-3.1.0/library","0.8-8",NA,NA,NA,NA,"relimp, MASS",NA,"GPL (>= 2)",NA,NA,NA,NA,NA,"3.1.0"
"R.cache","R.cache","C:/Program Files/R/R-3.1.0/library","0.10.0",NA,"R (>= 2.5.0)","utils, R.methodsS3 (>= 1.6.1), R.oo (>= 1.18.0), R.utils (>=
1.32.4)",NA,"digest (>= 0.6.4)",NA,"LGPL (>= 2.1)",NA,NA,NA,NA,"no","3.1.0"
"R.devices","R.devices","C:/Program Files/R/R-3.1.0/library","2.9.2",NA,"R (>= 2.10.0)","R.methodsS3 (>= 1.6.1), R.oo (>= 1.18.0), R.utils (>= 1.32.4),
base64enc (>= 0.1-1)",NA,"digest (>= 0.6.4), R.rsp (>= 0.15.0)",NA,"LGPL (>= 2.1)",NA,NA,NA,NA,"no","3.1.0"
"R.filesets","R.filesets","C:/Program Files/R/R-3.1.0/library","2.4.0",NA,"R (>= 2.15.0), R.oo (>= 1.18.0)","stats, R.methodsS3 (>= 1.6.1), R.utils (>= 1.29.8), R.cache
(>= 0.9.0), digest (>= 0.6.4)",NA,"gtools (>= 3.3.0)",NA,"LGPL (>= 2.1)",NA,NA,NA,NA,"no","3.0.2"
"R.huge","R.huge","C:/Program Files/R/R-3.1.0/library","0.8.0",NA,"R (>= 2.10.0)","R.methodsS3 (>= 1.6.1), R.oo (>= 1.18.0), R.utils (>= 1.29.8)",NA,NA,NA,"LGPL (>= 2.1)",NA,NA,NA,NA,"no","3.0.2"
"R.methodsS3","R.methodsS3","C:/Program Files/R/R-3.1.0/library","1.6.1",NA,"R (>= 2.2.0)","utils",NA,NA,NA,"LGPL (>= 2.1)",NA,NA,NA,NA,"no","3.0.2"
"R.oo","R.oo","C:/Program Files/R/R-3.1.0/library","1.18.0",NA,"R (>= 2.4.0), R.methodsS3 (>= 1.6.1)","methods, utils",NA,"tools",NA,"LGPL (>= 2.1)",NA,NA,NA,NA,"no","3.0.2"
"R.rsp","R.rsp","C:/Program Files/R/R-3.1.0/library","0.19.0",NA,"R (>= 2.5.0)","stats, utils, tools, R.methodsS3 (>= 1.6.1), R.oo (>= 1.18.0),
R.utils (>= 1.32.4), R.cache (>= 0.9.0)",NA,"tcltk, digest (>= 0.6.4), ascii (>= 2.1), markdown (>= 0.7),
knitr (>= 1.6), R.devices (>= 2.9.2), base64enc (>= 0.1-1)",NA,"LGPL (>= 2.1)",NA,NA,NA,NA,"no","3.1.0"
"R.utils","R.utils","C:/Program Files/R/R-3.1.0/library","1.32.4",NA,"R (>= 2.5.0), R.oo (>= 1.18.0)","utils, methods, R.methodsS3 (>= 1.6.1)",NA,"digest (>= 0.6.4)",NA,"LGPL (>= 2.1)",NA,NA,NA,NA,"no","3.1.0"
"R2HTML","R2HTML","C:/Program Files/R/R-3.1.0/library","2.2.1",NA,"R (>= 2.0)",NA,NA,"boot, splines, survival, stats, cluster, nlme, rpart, nnet,
utils",NA,"GPL (>= 2)",NA,NA,NA,NA,"no","3.0.1"
"R2WinBUGS","R2WinBUGS","C:/Program Files/R/R-3.1.0/library","2.1-19",NA,"R (>= 2.13.0), coda (>= 0.11-0), boot",NA,NA,"BRugs (>= 0.3-2)",NA,"GPL-2",NA,NA,NA,NA,"no","3.0.1"
"R6","R6","C:/Program Files/R/R-3.1.0/library","2.0.1",NA,"R (>= 3.0)",NA,NA,"knitr, microbenchmark, pryr, testthat, ggplot2, scales",NA,"MIT + file LICENSE",NA,NA,NA,NA,"no","3.1.2"
"randomForest","randomForest","C:/Program Files/R/R-3.1.0/library","4.6-7",NA,"R (>= 2.5.0), stats",NA,NA,"RColorBrewer, MASS",NA,"GPL (>= 2)",NA,NA,NA,NA,NA,"3.0.1"
"randomForestSRC","randomForestSRC","C:/Program Files/R/R-3.1.0/library","1.5.4",NA,"R (>= 3.1.0), parallel",NA,NA,"glmnet, XML",NA,"GPL (>= 3)",NA,NA,NA,NA,"yes","3.1.1"
"randomSurvivalForest","randomSurvivalForest","C:/Program Files/R/R-3.1.0/library","3.6.4",NA,"R (>= 3.0.0)",NA,NA,"XML",NA,"GPL (>= 3)",NA,NA,NA,NA,"yes","3.0.1"
"RBGL","RBGL","C:/Program Files/R/R-3.1.0/library","1.40.0",NA,"graph, methods","methods",NA,"Rgraphviz, XML",NA,"Artistic-2.0",NA,NA,NA,NA,NA,"3.1.0"
"Rbowtie","Rbowtie","C:/Program Files/R/R-3.1.0/library","1.4.5",NA,NA,NA,NA,"parallel",NA,"Artistic-1.0 | file LICENSE",NA,NA,NA,NA,NA,"3.1.0"
"rcdklibs","rcdklibs","C:/Program Files/R/R-3.1.0/library","1.5.4",NA,"R (>= 2.0.0), rJava",NA,NA,NA,NA,"LGPL",NA,NA,NA,NA,"no","3.0.2"
"RColorBrewer","RColorBrewer","C:/Program Files/R/R-3.1.0/library","1.0-5",NA,"R (>= 2.0.0)",NA,NA,NA,NA,"Apache License 2.0",NA,NA,NA,NA,NA,"3.1.0"
"Rcpp","Rcpp","C:/Program Files/R/R-3.1.0/library","0.11.2",NA,"R (>= 3.0.0)","methods",NA,"RUnit, inline, rbenchmark, highlight",NA,"GPL (>= 2)",NA,NA,NA,NA,"yes","3.1.0"
"RcppArmadillo","RcppArmadillo","C:/Program Files/R/R-3.1.0/library","0.4.320.0",NA,NA,"Rcpp (>= 0.11.0)","Rcpp","RUnit",NA,"GPL (>= 2)",NA,NA,NA,NA,"yes","3.1.0"
"RcppEigen","RcppEigen","C:/Program Files/R/R-3.1.0/library","0.3.2.1.2",NA,"R (>= 2.15.1)","Matrix (>= 1.1-0), Rcpp (>= 0.11.0)","Rcpp","inline, RUnit",NA,"GPL (>= 2) | file LICENSE",NA,NA,NA,NA,"yes","3.1.0"
"RCurl","RCurl","C:/Program Files/R/R-3.1.0/library","1.95-4.1",NA,"R (>= 2.7.0), methods, bitops","methods",NA,"Rcompression, XML",NA,"BSD",NA,NA,NA,NA,"yes","3.0.0"
"registry","registry","C:/Program Files/R/R-3.1.0/library","0.2",NA,"R (>= 2.6.0)",NA,NA,NA,NA,"GPL-2",NA,NA,NA,NA,NA,"3.0.0"
"rela","rela","C:/Program Files/R/R-3.1.0/library","4.1",NA,NA,NA,NA,NA,NA,"Artistic-2.0",NA,NA,NA,NA,NA,"3.1.0"
"relimp","relimp","C:/Program Files/R/R-3.1.0/library","1.0-3",NA,"R (>= 2.0.0)","tcltk",NA,"nnet, MASS",NA,"GPL (>= 2)",NA,NA,NA,NA,NA,"3.1.0"
"reshape","reshape","C:/Program Files/R/R-3.1.0/library","0.8.5",NA,"R (>= 2.6.1)","plyr",NA,NA,NA,"MIT + file LICENSE",NA,NA,NA,NA,"no","3.1.0"
"reshape2","reshape2","C:/Program Files/R/R-3.1.0/library","1.4",NA,NA,"plyr (>= 1.8.1), stringr, Rcpp","Rcpp","testthat (>= 0.8.0), lattice",NA,"MIT + file LICENSE",NA,NA,NA,NA,"yes","3.1.0"
"rgl","rgl","C:/Program Files/R/R-3.1.0/library","0.93.1098",NA,"R (>= 2.15.0),stats,grDevices",NA,NA,"MASS",NA,"GPL",NA,NA,NA,NA,"yes","3.1.1"
"Rgraphviz","Rgraphviz","C:/Program Files/R/R-3.1.0/library","2.8.1",NA,"R (>= 2.6.0), methods, utils, graph, grid","stats4, graphics, grDevices",NA,"RUnit, BiocGenerics, XML",NA,"EPL",NA,NA,NA,NA,NA,"3.1.0"
"ridge","ridge","C:/Program Files/R/R-3.1.0/library","2.1-3",NA,NA,NA,NA,NA,NA,"GPL-2",NA,NA,NA,NA,"yes","3.0.2"
"rJava","rJava","C:/Program Files/R/R-3.1.0/library","0.9-6",NA,"R (>= 2.5.0), methods",NA,NA,NA,NA,"GPL-2",NA,NA,NA,NA,"yes","3.1.1"
"rjson","rjson","C:/Program Files/R/R-3.1.0/library","0.2.14",NA,"R (>= 2.12.0)",NA,NA,NA,NA,"GPL-2",NA,NA,NA,NA,"yes","3.1.0"
"RJSONIO","RJSONIO","C:/Program Files/R/R-3.1.0/library","1.2-0.2",NA,NA,"methods",NA,NA,NA,"BSD_3_clause + file LICENSE",NA,NA,NA,NA,"yes","3.1.0"
"rmarkdown","rmarkdown","C:/Program Files/R/R-3.1.0/library","0.3.12",NA,"
R (>= 3.0)","
tools,
utils,
knitr (>= 1.6),
yaml (>= 2.1.5),
htmltools (>= 0.2.4),
caTools",NA,"
shiny (>= 0.10.1),
testthat,
digest",NA,"GPL-3",NA,NA,NA,NA,NA,"3.1.0"
"rmeta","rmeta","C:/Program Files/R/R-3.1.0/library","2.16",NA,"grid",NA,NA,NA,NA,"GPL-2",NA,NA,NA,NA,NA,"3.0.0"
"rms","rms","C:/Program Files/R/R-3.1.0/library","4.2-0",NA,"Hmisc (>= 3.12-2), survival (>= 2.37-6), SparseM",NA,NA,"lattice, quantreg, nlme, rpart, polspline, multcomp, boot,
tcltk",NA,"GPL (>= 2)",NA,NA,NA,NA,"yes","3.1.1"
"rngtools","rngtools","C:/Program Files/R/R-3.1.0/library","1.2.4",NA,"R (>= 3.0.0), methods, pkgmaker (>= 0.20)","stringr, digest",NA,"parallel, RUnit, knitr",NA,"GPL-3",NA,NA,NA,NA,"no","3.0.3"
"robustbase","robustbase","C:/Program Files/R/R-3.1.0/library","0.91-1",NA,"R (>= 2.15.1)","stats, graphics, utils, methods, DEoptimR",NA,"grid, MASS, lattice, boot, cluster, Matrix, robust,
fit.models, MPV, xtable, ggplot2, RColorBrewer, reshape2,
sfsmisc, catdata",NA,"GPL (>= 2)",NA,NA,NA,NA,"yes","3.1.0"
"ROC","ROC","C:/Program Files/R/R-3.1.0/library","1.40.0",NA,"R (>= 1.9.0), utils, methods",NA,NA,"Biobase",NA,"Artistic-2.0",NA,NA,NA,NA,NA,"3.1.0"
"ROCR","ROCR","C:/Program Files/R/R-3.1.0/library","1.0-5",NA,"gplots, methods",NA,NA,NA,NA,"GPL (>= 2)",NA,NA,NA,NA,"no","3.0.1"
"roxygen2","roxygen2","C:/Program Files/R/R-3.1.0/library","4.0.1",NA,"R (>= 3.0.2)","stringr (>= 0.5), brew, digest, methods, Rcpp (>= 0.11.0)","Rcpp","testthat (>= 0.8.0), knitr",NA,"GPL (>= 2)",NA,NA,NA,NA,"yes","3.1.0"
"rpart","rpart","C:/Program Files/R/R-3.1.0/library","4.1-8","recommended","R (>= 2.15.0), graphics, stats, grDevices",NA,NA,"survival",NA,"GPL-2 | GPL-3",NA,NA,NA,NA,"yes","3.1.0"
"rrcov","rrcov","C:/Program Files/R/R-3.1.0/library","1.3-4",NA,"R (>= 2.10), methods, robustbase, pcaPP","stats4, mvtnorm",NA,"grid, lattice, cluster, mclust, MASS, ellipse",NA,"GPL (>= 2)",NA,NA,NA,NA,"yes","3.0.2"
"RRF","RRF","C:/Program Files/R/R-3.1.0/library","1.6",NA,"R (>= 2.5.0), stats",NA,NA,"RColorBrewer, MASS",NA,"GPL (>= 2)",NA,NA,NA,NA,"yes","3.1.1"
"Rsamtools","Rsamtools","C:/Program Files/R/R-3.1.0/library","1.16.1",NA,"methods, IRanges (>= 1.21.10), GenomicRanges (>= 1.15.11),
XVector (>= 0.3.2), Biostrings (>= 2.31.3), GenomeInfoDb(>=
0.99.17)","utils, BiocGenerics (>= 0.1.3), zlibbioc, bitops","IRanges, XVector, Biostrings","GenomicAlignments, ShortRead (>= 1.19.10), GenomicFeatures,
TxDb.Dmelanogaster.UCSC.dm3.ensGene, KEGG.db,
TxDb.Hsapiens.UCSC.hg18.knownGene, RNAseqData.HNRNPC.bam.chr14,
BSgenome.Hsapiens.UCSC.hg19, pasillaBamSubset, RUnit, BiocStyle",NA,"Artistic-2.0 | file LICENSE",NA,NA,NA,NA,NA,"3.1.0"
"RSQLite","RSQLite","C:/Program Files/R/R-3.1.0/library","0.11.4",NA,"R (>= 2.10.0), methods, DBI (>= 0.2-5)","methods, DBI (>= 0.2-3)",NA,"RUnit (>= 0.4.22)",NA,"LGPL (>= 2)",NA,NA,NA,NA,"yes","3.0.1"
"RSQLite.extfuns","RSQLite.extfuns","C:/Program Files/R/R-3.1.0/library","0.0.1",NA,"RSQLite (>= 0.9-1)",NA,"RSQLite",NA,NA,"Artistic-2.0",NA,NA,NA,NA,NA,"3.0.1"
"rstudio","rstudio","C:/Program Files/R/R-3.1.0/library","0.98.1028",NA,"R (>= 2.10.0)","utils",NA,NA,NA,"",NA,NA,NA,NA,NA,"3.1.0"
"rtracklayer","rtracklayer","C:/Program Files/R/R-3.1.0/library","1.24.2",NA,"R (>= 2.10), methods, GenomicRanges (>= 1.15.26)","XML (>= 1.98-0), BiocGenerics (>= 0.7.7), IRanges (>=
1.19.34), XVector (>= 0.1.3), GenomicRanges (>= 1.15.26),
Biostrings (>= 2.29.18), BSgenome (>= 1.23.1), zlibbioc, RCurl
(>= 1.4-2), Rsamtools (>= 1.13.1), GenomicAlignments, tools","IRanges, XVector","humanStemCell, microRNA (>= 1.1.1), genefilter, limma,
org.Hs.eg.db, BSgenome.Hsapiens.UCSC.hg19,
TxDb.Hsapiens.UCSC.hg19.knownGene, hgu133plus2.db",NA,"Artistic-2.0",NA,NA,NA,NA,NA,"3.1.0"
"Rtsne","Rtsne","C:/Program Files/R/R-3.1.0/library","0.9",NA,NA,"Rcpp (>= 0.11.0)","Rcpp",NA,NA,"BSD_3_clause + file LICENSE",NA,NA,NA,NA,"yes","3.1.1"
"RUnit","RUnit","C:/Program Files/R/R-3.1.0/library","0.4.26",NA,"R (>= 2.5.0), utils (>= 2.5.0), methods (>= 2.5.0)",NA,NA,NA,NA,"GPL-2",NA,NA,NA,NA,NA,"3.0.0"
"RWeka","RWeka","C:/Program Files/R/R-3.1.0/library","0.4-23",NA,"R (>= 2.6.0)","RWekajars (>= 3.7.11), rJava (>= 0.6-3), graphics, stats,
utils, grid",NA,"partykit (>= 0.8.0), mlbench, e1071",NA,"GPL-2",NA,NA,NA,NA,"no","3.1.0"
"RWekajars","RWekajars","C:/Program Files/R/R-3.1.0/library","3.7.11-1",NA,NA,"rJava (>= 0.6-3)",NA,NA,NA,"GPL-2",NA,NA,NA,NA,"no","3.1.0"
"samr","samr","C:/Program Files/R/R-3.1.0/library","2.0",NA,"impute, matrixStats",NA,NA,NA,NA,"LGPL",NA,NA,NA,NA,NA,"3.1.2"
"sandwich","sandwich","C:/Program Files/R/R-3.1.0/library","2.3-0",NA,"R (>= 2.0.0)","stats, zoo",NA,"car, lmtest, strucchange, AER, survival, MASS, scatterplot3d",NA,"GPL-2",NA,NA,NA,NA,"no","3.0.2"
"sas7bdat","sas7bdat","C:/Program Files/R/R-3.1.0/library","0.5",NA,"R (>= 2.10)",NA,NA,NA,NA,"GPL (>= 2)",NA,NA,NA,NA,"no","3.1.0"
"scales","scales","C:/Program Files/R/R-3.1.0/library","0.2.4",NA,"R (>= 2.13)","RColorBrewer, dichromat, munsell (>= 0.2), plyr (>= 1.2),
labeling, methods",NA,"testthat (>= 0.8)",NA,"MIT + file LICENSE",NA,NA,NA,NA,"no","3.1.0"
"SCAN.UPC","SCAN.UPC","C:/Program Files/R/R-3.1.0/library","2.6.2",NA,"R (>= 2.14.0), Biobase (>= 2.6.0), oligo, Biostrings,
GEOquery, affy, affyio, foreach, sva","utils, methods, MASS, tools",NA,"pd.hg.u95a",NA,"MIT",NA,NA,NA,NA,NA,"3.1.0"
"scatterplot3d","scatterplot3d","C:/Program Files/R/R-3.1.0/library","0.3-35",NA,"R (>= 2.7.0)",NA,NA,NA,NA,"GPL-2",NA,NA,NA,NA,"no","3.0.2"
"schoolmath","schoolmath","C:/Program Files/R/R-3.1.0/library","0.4",NA,"R (>= 2.10)",NA,NA,NA,NA,"GPL (>= 2)",NA,NA,NA,NA,NA,"3.0.0"
"scout","scout","C:/Program Files/R/R-3.1.0/library","1.0.3",NA,"R (>= 1.9.0), glasso, lars",NA,NA,NA,NA,"GPL (>= 2)",NA,NA,NA,NA,NA,"3.0.0"
"sda","sda","C:/Program Files/R/R-3.1.0/library","1.3.3",NA,"R (>= 2.15.1), entropy (>= 1.2.0), corpcor (>= 1.6.6), fdrtool
(>= 1.2.11)",NA,NA,"crossval",NA,"GPL (>= 3)",NA,NA,NA,NA,"no","3.1.0"
"SDPR","SDPR","C:/Program Files/R/R-3.1.0/library","0.1.1",NA,"bitops, RCurl, XML, digest, jsonlite",NA,NA,"testthat",NA,"Selventa Proprietary",NA,NA,NA,NA,NA,"3.1.0"
"segmented","segmented","C:/Program Files/R/R-3.1.0/library","0.4-0.0",NA,NA,NA,NA,NA,NA,"GPL",NA,NA,NA,NA,"no","3.1.1"
"selventa","selventa","C:/Program Files/R/R-3.1.0/library","1.1",NA,NA,NA,NA,NA,NA,"Private, not for distribution.  Copyrite Selventa.",NA,NA,NA,NA,NA,"3.1.0"
"SelventaDAP","SelventaDAP","C:/Program Files/R/R-3.1.0/library","1.0",NA,"bitops, digest, RCurl, XML",NA,NA,NA,NA,"What license is it under?",NA,NA,NA,NA,NA,"3.0.1"
"SelvUtil","SelvUtil","C:/Program Files/R/R-3.1.0/library","1.0",NA,NA,NA,NA,NA,NA,"What license is it under?",NA,NA,NA,NA,NA,"3.0.1"
"sendmailR","sendmailR","C:/Program Files/R/R-3.1.0/library","1.1-2",NA,"R (>= 2.15.0), base64enc",NA,NA,NA,NA,"GPL-2",NA,NA,NA,NA,NA,"3.1.0"
"seqinr","seqinr","C:/Program Files/R/R-3.1.0/library","3.0-7",NA,"R (>= 2.10.0)",NA,NA,"ade4, segmented",NA,"GPL (>= 2)",NA,NA,NA,NA,NA,"3.0.1"
"setRNG","setRNG","C:/Program Files/R/R-3.1.0/library","2011.11-2",NA,"R (>= 2.5.0)",NA,NA,NA,NA,"GPL-2 | file LICENSE",NA,NA,NA,NA,NA,"3.0.0"
"sets","sets","C:/Program Files/R/R-3.1.0/library","1.0-13",NA,"R (>= 2.10)","stats",NA,"proxy",NA,"GPL-2",NA,NA,NA,NA,"yes","3.0.1"
"sfsmisc","sfsmisc","C:/Program Files/R/R-3.1.0/library","1.0-26",NA,"R (>= 2.12.0), stats, utils","grDevices, methods",NA,"datasets, tcltk, cluster, MASS, Matrix, nlme, lokern","mgcv, rpart, nor1mix, polycor, sm","GPL (>= 2)",NA,NA,NA,NA,"no","3.1.1"
"shiny","shiny","C:/Program Files/R/R-3.1.0/library","0.10.2.9003",NA,"
R (>= 3.0.0)","
tools,
utils,
httpuv (>= 1.3.2),
mime (>= 0.1.3),
RJSONIO,
xtable,
digest,
htmltools (>= 0.2.6),
R6 (>= 2.0)",NA,"
datasets,
Cairo (>= 1.5-5),
testthat,
knitr (>= 1.6),
markdown",NA,"GPL-3",NA,NA,NA,NA,NA,"3.1.0"
"ShortRead","ShortRead","C:/Program Files/R/R-3.1.0/library","1.22.0",NA,"BiocGenerics (>= 0.1.0), BiocParallel, Biostrings (>=
2.31.14), Rsamtools (>= 1.13.1), GenomicAlignments (>= 0.99.6)","Biobase, GenomicRanges (>= 1.15.26), IRanges (>= 1.21.22),
hwriter, methods, zlibbioc, lattice, latticeExtra,","IRanges, XVector, Biostrings","BiocStyle, RUnit, biomaRt, GenomicFeatures, yeastNagalakshmi",NA,"Artistic-2.0",NA,NA,NA,NA,NA,"3.1.0"
"simpleaffy","simpleaffy","C:/Program Files/R/R-3.1.0/library","2.40.0",NA,"R (>= 2.0.0), methods, utils, grDevices, graphics, stats,
BiocGenerics (>= 0.1.12), Biobase, affy (>= 1.33.6),
genefilter, gcrma","methods, utils, grDevices, graphics, stats, BiocGenerics,
Biobase, affy, genefilter, gcrma",NA,NA,NA,"GPL (>= 2)",NA,NA,NA,NA,NA,"3.1.0"
"SIS","SIS","C:/Program Files/R/R-3.1.0/library","0.7-2",NA,"glmnet, ncvreg, survival, R (>= 2.15)",NA,NA,NA,NA,"GPL-2",NA,NA,NA,NA,"no","3.1.0"
"slam","slam","C:/Program Files/R/R-3.1.0/library","0.1-32",NA,"R (>= 2.8.0)","stats",NA,NA,"Matrix, SparseM, spam","GPL-2",NA,NA,NA,NA,"yes","3.0.3"
"snm","snm","C:/Program Files/R/R-3.1.0/library","1.12.0",NA,"R (>= 2.12.0)","corpcor, lme4 (>= 1.0), splines",NA,NA,NA,"LGPL",NA,NA,NA,NA,NA,"3.1.0"
"snow","snow","C:/Program Files/R/R-3.1.0/library","0.3-13",NA,"R (>= 2.12.1), utils",NA,NA,"Rmpi,rpvm,rlecuyer,rsprng,nws",NA,"GPL",NA,NA,NA,NA,"no","3.0.2"
"snowfall","snowfall","C:/Program Files/R/R-3.1.0/library","1.84-6",NA,"snow",NA,NA,"Rmpi",NA,"GPL",NA,NA,NA,NA,"no","3.0.2"
"som","som","C:/Program Files/R/R-3.1.0/library","0.3-5",NA,"R (>= 1.9.0)",NA,NA,NA,NA,"GPL (>= 3)",NA,NA,NA,NA,NA,"3.0.0"
"sp","sp","C:/Program Files/R/R-3.1.0/library","1.0-15",NA,"R (>= 2.14.0)","methods, graphics, utils, lattice, grid",NA,"RColorBrewer, rgdal (>= 0.8-7), rgeos (>= 0.2-20), gstat",NA,"GPL (>= 2)",NA,NA,NA,NA,"yes","3.1.1"
"spam","spam","C:/Program Files/R/R-3.1.0/library","0.41-0",NA,"R (>= 2.15), methods, grid",NA,NA,"fields, SparseM, Matrix",NA,"GPL | file LICENSE",NA,NA,NA,NA,"yes","3.0.3"
"SparseM","SparseM","C:/Program Files/R/R-3.1.0/library","1.05",NA,"R (>= 2.4.1), methods, stats, utils",NA,NA,NA,NA,"GPL (>= 2)",NA,NA,NA,NA,"yes","3.1.1"
"spatial","spatial","C:/Program Files/R/R-3.1.0/library","7.3-8","recommended","R (>= 3.0.0), graphics, stats, utils",NA,NA,"MASS",NA,"GPL-2 | GPL-3",NA,NA,NA,NA,"yes","3.1.0"
"splancs","splancs","C:/Program Files/R/R-3.1.0/library","2.01-34",NA,"R (>= 2.10.0), sp (>= 0.9)",NA,NA,NA,NA,"GPL (>= 2)",NA,NA,NA,NA,"yes","3.1.1"
"splines","splines","C:/Program Files/R/R-3.1.0/library","3.1.0","base",NA,"graphics, stats",NA,NA,NA,"Part of R 3.1.0",NA,NA,NA,NA,NA,"3.1.0"
"spls","spls","C:/Program Files/R/R-3.1.0/library","2.2-1",NA,"R (>= 2.14)","MASS, nnet, parallel, pls",NA,NA,NA,"GPL (>= 2)",NA,NA,NA,NA,"no","3.0.1"
"SQN","SQN","C:/Program Files/R/R-3.1.0/library","1.0.5",NA,"R (>= 2.6.0), mclust(>= 3.2), nor1mix(>= 1.0-7)",NA,NA,NA,NA,"LGPL (>= 2.0)",NA,NA,NA,NA,NA,"3.0.1"
"st","st","C:/Program Files/R/R-3.1.0/library","1.2.2",NA,"R (>= 2.15.1), sda (>= 1.3.3), fdrtool (>= 1.2.12)",NA,NA,"limma, samr",NA,"GPL (>= 3)",NA,NA,NA,NA,"no","3.1.0"
"stabledist","stabledist","C:/Program Files/R/R-3.1.0/library","0.6-6",NA,"R (>= 2.12.0), stats, utils",NA,NA,"Matrix, fBasics, FMStable, RUnit, Rmpfr, sfsmisc",NA,"GPL (>= 2)",NA,NA,NA,NA,"no","3.0.1"
"startupmsg","startupmsg","C:/Program Files/R/R-3.1.0/library","0.9",NA,"R(>= 1.8.0)",NA,NA,NA,NA,"LGPL-3",NA,NA,NA,NA,"no","3.0.1"
"statmod","statmod","C:/Program Files/R/R-3.1.0/library","1.4.20",NA,"R (>= 1.6.1)",NA,NA,"MASS, tweedie",NA,"GPL-2 | GPL-3",NA,NA,NA,NA,"yes","3.1.0"
"stats","stats","C:/Program Files/R/R-3.1.0/library","3.1.0","base",NA,NA,NA,NA,NA,"Part of R 3.1.0",NA,NA,NA,NA,NA,"3.1.0"
"stats4","stats4","C:/Program Files/R/R-3.1.0/library","3.1.0","base",NA,"graphics, methods, stats",NA,NA,NA,"Part of R 3.1.0",NA,NA,NA,NA,NA,"3.1.0"
"stepPlr","stepPlr","C:/Program Files/R/R-3.1.0/library","0.92",NA,"R (>= 2.0)",NA,NA,NA,NA,"GPL (>= 2)",NA,NA,NA,NA,NA,"3.0.0"
"stringr","stringr","C:/Program Files/R/R-3.1.0/library","0.6.2",NA,"R (>= 2.14)",NA,NA,"testthat (>= 0.3)",NA,"GPL-2",NA,NA,NA,NA,NA,"3.1.0"
"strucchange","strucchange","C:/Program Files/R/R-3.1.0/library","1.5-0",NA,"R (>= 2.10.0), zoo, sandwich","graphics, stats",NA,"stats4, car, dynlm, e1071, foreach, lmtest, mvtnorm, tseries",NA,"GPL-2",NA,NA,NA,NA,"no","3.0.2"
"subsemble","subsemble","C:/Program Files/R/R-3.1.0/library","0.0.9",NA,"R (>= 2.14.0), SuperLearner",NA,NA,"arm, caret, class, e1071, earth, gam, gbm, glmnet, Hmisc,
ipred, lattice, LogicReg, MASS, mda, mlbench, nnet, parallel,
party, polspline, quadprog, randomForest, rpart, SIS, spls,
stepPlr",NA,"GPL (>= 2)",NA,NA,NA,NA,"no","3.1.2"
"SuperLearner","SuperLearner","C:/Program Files/R/R-3.1.0/library","2.0-10",NA,"R (>= 2.14.0), nnls",NA,NA,"arm, BayesTree, caret, class, e1071, earth, gam, gbm,
genefilter, ggplot2, glmnet, Hmisc, ipred, lattice, LogicReg,
MASS, mda, mlbench, nnet, parallel, party, polspline, quadprog,
randomForest, rpart, SIS, spls, stepPlr, sva",NA,"GPL-3",NA,NA,NA,NA,"no","3.0.1"
"SuppDists","SuppDists","C:/Program Files/R/R-3.1.0/library","1.1-9.1",NA,NA,NA,NA,NA,NA,"GPL (>= 2)",NA,NA,NA,NA,"yes","3.0.2"
"survcomp","survcomp","C:/Program Files/R/R-3.1.0/library","1.14.0",NA,"R (>= 2.10), survival, prodlim","ipred, SuppDists, KernSmooth, survivalROC, bootstrap, grid,
rmeta",NA,"Hmisc, CPE, clinfun, survJamda, Biobase, xtable",NA,"Artistic-2.0",NA,NA,NA,NA,NA,"3.1.0"
"survey","survey","C:/Program Files/R/R-3.1.0/library","3.29-5",NA,"R (>= 2.10.0)",NA,NA,"foreign, survival, MASS, splines, KernSmooth, hexbin,
mitools, lattice, RSQLite, RODBC, quantreg, Matrix, parallel,
CompQuadForm","odfWeave.survey","GPL-2 | GPL-3",NA,NA,NA,NA,"no","3.0.1"
"survival","survival","C:/Program Files/R/R-3.1.0/library","2.37-7","recommended","stats, utils, graphics, splines, R (>= 2.13.0)",NA,NA,NA,NA,"LGPL (>= 2)",NA,NA,NA,NA,"yes","3.1.0"
"survivalROC","survivalROC","C:/Program Files/R/R-3.1.0/library","1.0.3",NA,"R (>= 1.6.1)",NA,NA,NA,NA,"GPL (>= 2)",NA,NA,NA,NA,NA,"3.0.0"
"sva","sva","C:/Program Files/R/R-3.1.0/library","3.10.0",NA,"R (>= 2.8), corpcor, mgcv","graphics, stats",NA,"limma,pamr,bladderbatch",NA,"Artistic-2.0",NA,NA,NA,NA,NA,"3.1.0"
"SVGAnnotation","SVGAnnotation","C:/Program Files/R/R-3.1.0/library","0.93-1",NA,"Cairo, methods, XML",NA,NA,"RJSONIO",NA,"BSD",NA,NA,NA,NA,NA,"3.0.0"
"svGUI","svGUI","C:/Program Files/R/R-3.1.0/library","0.9-55",NA,"R (>= 2.6.0)",NA,NA,NA,NA,"GPL-2",NA,NA,NA,NA,"no","3.0.2"
"SweaveListingUtils","SweaveListingUtils","C:/Program Files/R/R-3.1.0/library","0.6.1",NA,"R(> 2.13.2), startupmsg","stats",NA,"distr, MASS, survival, distrEx, Matrix, splines",NA,"LGPL-3",NA,NA,NA,NA,NA,"3.0.1"
"synapseClient","synapseClient","C:/Program Files/R/R-3.1.0/library","1.2-1",NA,"methods, R (>= 2.15)","RJSONIO (>= 1.0-1),RCurl (> 1.95-3),Biobase,tools,digest,affy",NA,"RUnit, rGithubClient",NA,"GPL",NA,NA,NA,NA,NA,"3.0.0"
"tcltk","tcltk","C:/Program Files/R/R-3.1.0/library","3.1.0","base",NA,"utils",NA,NA,NA,"Part of R 3.1.0",NA,NA,NA,NA,NA,"3.1.0"
"testthat","testthat","C:/Program Files/R/R-3.1.0/library","0.8.1",NA,"R (>= 2.15.0)","digest, methods",NA,NA,NA,"MIT + file LICENSE",NA,NA,NA,NA,"no","3.0.2"
"timeDate","timeDate","C:/Program Files/R/R-3.1.0/library","3010.98",NA,"R (>= 2.11.0), graphics, utils, stats, methods",NA,NA,"date, RUnit",NA,"GPL (>= 2)",NA,NA,NA,NA,"no","3.0.0"
"timeSeries","timeSeries","C:/Program Files/R/R-3.1.0/library","3010.97",NA,"R (>= 2.10), graphics, grDevices, methods, stats, utils,
timeDate (>= 2150.95)",NA,NA,"robustbase, RUnit",NA,"GPL (>= 2)",NA,NA,NA,NA,"no","3.0.1"
"tkrplot","tkrplot","C:/Program Files/R/R-3.1.0/library","0.0-23",NA,"R (>= 2.13), grDevices, tcltk",NA,NA,NA,NA,"GPL",NA,NA,NA,NA,NA,"3.0.0"
"tools","tools","C:/Program Files/R/R-3.1.0/library","3.1.0","base",NA,NA,NA,NA,NA,"Part of R 3.1.0",NA,NA,NA,NA,NA,"3.1.0"
"translations","translations","C:/Program Files/R/R-3.1.0/library","3.1.0",NA,NA,NA,NA,NA,NA,"Part of R 3.1.0",NA,NA,NA,NA,NA,"3.1.0"
"tree","tree","C:/Program Files/R/R-3.1.0/library","1.0-35",NA,"R (>= 2.15.0), grDevices, graphics, stats",NA,NA,"MASS",NA,"GPL-2 | GPL-3",NA,NA,NA,NA,"yes","3.0.3"
"truncnorm","truncnorm","C:/Program Files/R/R-3.1.0/library","1.0-7",NA,"R (>= 2.15.0)",NA,NA,NA,NA,"GPL-2",NA,NA,NA,NA,"yes","3.0.2"
"uniCox","uniCox","C:/Program Files/R/R-3.1.0/library","1.0",NA,"survival",NA,NA,NA,NA,"GPL-2",NA,NA,NA,NA,NA,"3.0.0"
"utils","utils","C:/Program Files/R/R-3.1.0/library","3.1.0","base",NA,NA,NA,NA,NA,"Part of R 3.1.0",NA,NA,NA,NA,NA,"3.1.0"
"varSelRF","varSelRF","C:/Program Files/R/R-3.1.0/library","0.7-3",NA,"R (>= 2.0.0), randomForest",NA,NA,"snow","Rmpi","GPL (>= 2)",NA,NA,NA,NA,NA,"3.0.1"
"vcd","vcd","C:/Program Files/R/R-3.1.0/library","1.3-1",NA,"R (>= 2.10), grid, stats","utils, MASS, grDevices, colorspace",NA,"KernSmooth, mvtnorm, kernlab, HSAUR, coin",NA,"GPL-2",NA,NA,NA,NA,"no","3.0.2"
"vegan","vegan","C:/Program Files/R/R-3.1.0/library","2.0-10",NA,"permute (>= 0.8-0), lattice, R (>= 2.15.0)",NA,NA,"MASS, mgcv, cluster, scatterplot3d, rgl, tcltk",NA,"GPL-2",NA,NA,NA,NA,"yes","3.1.1"
"VGAM","VGAM","C:/Program Files/R/R-3.1.0/library","0.9-4",NA,"R (>= 3.0.0), methods, stats, splines, stats4",NA,NA,"VGAMdata, MASS",NA,"GPL-2",NA,NA,NA,NA,"yes","3.1.0"
"viper","viper","C:/Program Files/R/R-3.1.0/library","1.0.0",NA,"R (>= 2.14.0), Biobase, methods","mixtools, stats",NA,"bcellViper",NA,"GPL (>=2)",NA,NA,NA,NA,NA,"3.1.0"
"vsn","vsn","C:/Program Files/R/R-3.1.0/library","3.32.0",NA,"R (>= 2.10), Biobase (>= 2.5.5)","methods, affy (>= 1.23.4), limma, lattice",NA,"affydata, hgu95av2cdf",NA,"Artistic-2.0",NA,NA,NA,NA,NA,"3.1.0"
"waveslim","waveslim","C:/Program Files/R/R-3.1.0/library","1.7.3",NA,"R (>= 2.10.0), graphics, grDevices, stats, utils",NA,NA,"fftw",NA,"GPL (>= 2)",NA,NA,NA,NA,"yes","3.0.2"
"WGCNA","WGCNA","C:/Program Files/R/R-3.1.0/library","1.34",NA,"R (>= 2.14), dynamicTreeCut (>= 1.60), flashClust, Hmisc","stats, impute, grDevices, utils, splines, reshape, foreach,
doParallel, matrixStats (>= 0.8.1)",NA,"GO.db, org.Hs.eg.db, org.Mm.eg.db, AnnotationDbi, infotheo,
entropy, minet, survival",NA,"GPL (>= 2)",NA,NA,NA,NA,"yes","3.0.2"
"whisker","whisker","C:/Program Files/R/R-3.1.0/library","0.3-2",NA,NA,NA,NA,"markdown",NA,"GPL-3",NA,NA,NA,NA,"no","3.0.2"
"wordcloud","wordcloud","C:/Program Files/R/R-3.1.0/library","2.5",NA,"methods, RColorBrewer","slam, Rcpp (>= 0.9.4)","Rcpp","tm (>= 0.6)",NA,"LGPL-2.1",NA,NA,NA,NA,"yes","3.1.0"
"xlsx","xlsx","C:/Program Files/R/R-3.1.0/library","0.5.5",NA,"rJava, xlsxjars",NA,NA,NA,NA,"GPL-3",NA,NA,NA,NA,"no","3.0.2"
"xlsxjars","xlsxjars","C:/Program Files/R/R-3.1.0/library","0.6.0",NA,"rJava",NA,NA,NA,NA,"GPL-3",NA,NA,NA,NA,"no","3.0.2"
"XML","XML","C:/Program Files/R/R-3.1.0/library","3.98-1.1",NA,"R (>= 1.2.0), methods, utils","methods",NA,"bitops, RCurl",NA,"BSD",NA,NA,NA,NA,"yes","3.0.1"
"xtable","xtable","C:/Program Files/R/R-3.1.0/library","1.7-3",NA,"R (>= 2.10.0)",NA,NA,NA,NA,"GPL (>= 2)",NA,NA,NA,NA,"no","3.0.2"
"xts","xts","C:/Program Files/R/R-3.1.0/library","0.9-7",NA,"zoo (>= 1.7-10)",NA,"zoo","timeSeries,timeDate,tseries,its,chron,fts,tis",NA,"GPL (>= 2)",NA,NA,NA,NA,"yes","3.0.2"
"XVector","XVector","C:/Program Files/R/R-3.1.0/library","0.4.0",NA,"R (>= 2.8.0), methods, BiocGenerics (>= 0.7.2), IRanges (>=
1.21.25)","methods, BiocGenerics, IRanges","IRanges","Biostrings, drosophila2probe, RUnit",NA,"Artistic-2.0",NA,NA,NA,NA,NA,"3.1.0"
"yaml","yaml","C:/Program Files/R/R-3.1.0/library","2.1.13",NA,NA,NA,NA,"testthat",NA,"BSD_3_clause + file LICENSE",NA,NA,NA,NA,"yes","3.1.0"
"zlibbioc","zlibbioc","C:/Program Files/R/R-3.1.0/library","1.10.0",NA,NA,NA,NA,NA,NA,"Artistic-2.0 + file LICENSE",NA,NA,NA,NA,NA,"3.1.0"
"zoo","zoo","C:/Program Files/R/R-3.1.0/library","1.7-11",NA,"R (>= 2.10.0), stats","utils, graphics, grDevices, lattice (>= 0.20-27)",NA,"coda, chron, DAAG, fts, its, ggplot2, mondate, scales,
strucchange, timeDate, timeSeries, tis, tseries, xts",NA,"GPL-2 | GPL-3",NA,NA,NA,NA,"yes","3.0.3"
